{"options":{"check_for_updates":true,"comment":null,"compat_foreach":false,"compat_metadata":false,"compat_powerful_this":null,"compat_wrappedjsobject":false,"compatopts_for_requires":true,"noframes":null,"override":{"merge_connects":true,"merge_excludes":true,"merge_includes":true,"merge_matches":true,"orig_connects":[],"orig_excludes":[],"orig_includes":[],"orig_matches":["*://cutdl.xyz/*","*://stfly.me/*","*://shrinke.me/*","*://gplinks.co/*","*://linksly.co/*","*://smgplaza.com/*","*://shortzon.com/*","*://icutlink.com/*","*://*.hamody.pro/*","*://*.mealob.com/*","*://megablogme.com/*","*://tribuntekno.com/*","*://namemegablog.com/*","*://doctor-groups.com/*","*://link.turkdown.com/*","*://safe.intipanime.com/*"],"orig_noframes":null,"orig_run_at":"document-start","use_blockers":[],"use_connects":[],"use_excludes":[],"use_includes":[],"use_matches":[]},"run_at":null,"sandbox":null,"tab_types":null,"unwrap":null},"settings":{"enabled":true,"position":67},"meta":{"name":"Additional Bypass","uuid":"41e9369a-b482-41af-8e99-2773ba40deee","modified":1691377402907,"file_url":"https://greasyfork.org/scripts/443888-additional-bypass/code/Additional%20Bypass.user.js"}}