{"options":{"check_for_updates":true,"comment":null,"compat_foreach":false,"compat_metadata":false,"compat_powerful_this":null,"compat_wrappedjsobject":false,"compatopts_for_requires":true,"noframes":null,"override":{"merge_connects":true,"merge_excludes":true,"merge_includes":true,"merge_matches":true,"orig_connects":[],"orig_excludes":[],"orig_includes":["*adf.ly/*","*j.gs/*","*q.gs/*","*9.bb/*","*u.bb/*","*adfly.itsrinaldo.net/*","*chathu.apkmania.co/*","*go.phpnulledscripts.com/*","*mediafire.com/*","*yooclick.com/*","*gofiles.io/*","*reffbux.com/*","*4shared.com/*","*cc-url-shortner.net/*","*binbox.io/*","*clictune.com/id*","*advertisingg.com/*","*adlock.in/*","*url.fm/*","*cur.lv/*","*ref.so/*","*seomafia.net/*","*stash-coins.com/*","*adfa.st/*","*adv.li/*","*lienscash.com/l/*","*adref.co/*","*zpag.es/*","*xa.ly/*","*robo.us/*","*lnk.co/*","*linkbee.com/*","*awsclic.com/l/*","*ity.im/*","*seomafia.net/?*","*quidlinks.com/*","*2dload.com/*","*lnx.lu/*","*z.gs/*","*link2you.ru/*","*xxlink.net/*","*ulmt.in/*","*6s.to/*","*adfoc.us/*","*da.feedsportal.com/*","*coinurl.com/*","*zo.mu/*","*.creeperhost.net/*","*.loadbr.info/link/*","*zyan.me/*","*p.pw/*","*3ra.be/*","*riurl.com/*","*rdlnk.co/*","*.bat5.com/*","*.celebclk.com/*","*.eightteen.com/*","*.looble.net/*","*.peekatmygirlfriend.com/*","*.pornyhost.com/*","*.smilinglinks.com/*","*.urlcash.net/*","*.urlcash.org/*","*.xxxs.org/*","*.linkbucks.com/","*.allanalpass.com/*","*.amy.gs/*","*.any.gs/*","*.baberepublic.com/*","*.deb.gs/*","*.drstickyfingers.com/*","*.dyo.gs/*","*.fapoff.com/*","*.filesonthe.net/*","*.galleries.bz/*","*.hornywood.tv/*","*.linkbabes.com/*","*.linkbucks.com/*","*.linkgalleries.net/*","*.linkseer.net/*","*.miniurls.co/*","*.picbucks.com/*","*.picturesetc.net/*","*.placepictures.com/*","*.poontown.net/*","*.qqc.co/*","*.qvvo.com/*","*.realfiles.net/*","*.rqq.co/*","*.seriousdeals.net/*","*.seriousfiles.com/*","*.seriousurls.com/*","*.sexpalace.gs/*","*.seriousfiles.com/*","*.theseblogs.com/*","*.thesefiles.com/*","*.theseforums.com/*","*.thosegalleries.com/*","*.tinybucks.net/*","*.tinylinks.co/*","*.tnabucks.com/*","*.tubeviral.com/*","*.uberpicz.com/*","*.ubervidz.com/*","*.ubucks.net/*","*.ugalleries.net/*","*.ultrafiles.net/*","*.urlbeat.net/*","*.urlpulse.net/*","*.whackyvidz.com/*","*.youfap.me/*","*.yyv.co/*","*.zxxo.net/*","*.zff.co/*","*.freean.us/*","*.cash4files.com/*","*.megaline.co/*","*.goneviral.com/*","*ilix.in/*","*priva.us/*","*urlink.at/*","*lix.in/-*","*ssl.gs/*","*adtwixt.com/*","*link.tl/*","*adblue.us/*","*://tr5.in/*","*link.tl/fly/go.php?to=*","*1ly.us/*","*bc.vc/*","*adjoin.me/*","*1ly.us/*","*mo.vc/*","*adsbrite.net/*","*4ks.net/*","*youlinking.com/*","*qurlt.com/*","*take-a.com/*","*filesko.com/*","*zpoz.net/*","*pp.nu/*","*mhz.me/*","*fly2url.com/*","*pea.bz/*","*imi.us.tc/*","*shortit.in/*","*www.adsbrite.net/*","*gr8s.us/*","*adcou.ch/*","*adref.co/*","*bih.cc/*","*ity.im/*","*iiiii.in/*","*sk.gy/*","*.weeurl.co.uk/*","*tey.me/*","*short.pk/*","*wwy.me/*","*ushorten.me/*","*adcrun.ch/*","*sh.st/*","*cyberpics.net/*","*imgdino.com/viewer.php*","*imagedunk.com/*","*picleet.com/*","*piclambo.net/*","*picturedip.com/*","*imageporter.com/*","*imageswitch.com/*","*imgchili.com/*","*imgchili.net/*","*imagekitty.com/*","*imagetwist.com/*","*imagebam.com/*","*imagevenue.com/*","*mirrorcreator.com/*","*adult-images.net/show.php/*","*bayimg.com/*","*bild.me/bild.php?file=*","*bilder-hochladen.net/files/*","*bilder-upload.eu/show.php?file=*","*bildr.no/view/*","*imagearn.com/*","*tinypic.com/view.php?*","*castawayimage.com/viewer.php?file=*","*crazypix.ru/images/*","*ifotka.ru/*","*fotoupload.ru/*","*freeuploadimages.org/*","*fuckimagehost.com/*","*hdimage.org/*","*imagepremium.com/*","*imgfuck.com/*","*imgpulse.com/*","*iv.pl/*","*myadultimage.com/*","*photo-chicken.com/*","*pics-hosting.com/*","*pixmaster.net/*","*pornpicuploader.com/*","*quickpicshare.com/*","*realadultimages.com/*","*shareimage.ro/*","*uploadz.eu/*","*viralweed.com/*","*forscreen.com/image.php?id=*","*fotosik.pl/pokaz_obrazek/*","*fotoupload.ru/*","*fastpic.ru/*","*funkyimg.com/*","*pixroute.com/*","*imagecherry.com/*","*pixhost.org/*","*pixsor.com/*","*tinypix.me/*","*iyuterscreens.com/*","*uploadimage.in/*","*pimpandhost.com/*","*pastebin.com/*","*tny.cz/*","*tinypaste.*/*"],"orig_matches":[],"orig_noframes":null,"orig_run_at":"document-start","use_blockers":[],"use_connects":[],"use_excludes":[],"use_includes":[],"use_matches":[]},"run_at":null,"sandbox":null,"tab_types":null,"unwrap":null},"settings":{"enabled":true,"position":63},"meta":{"name":"Ads Skipper","uuid":"a0f60899-c965-4d25-90ba-3d6ec9d62b8e","modified":1688325539948,"file_url":"https://greasyfork.org/scripts/22359/code/script.user.js"}}