{"options":{"check_for_updates":true,"comment":null,"compat_foreach":false,"compat_metadata":false,"compat_powerful_this":null,"compat_wrappedjsobject":false,"compatopts_for_requires":true,"noframes":null,"override":{"merge_connects":true,"merge_excludes":true,"merge_includes":true,"merge_matches":true,"orig_connects":[],"orig_excludes":[],"orig_includes":["/^(https?:\\/\\/)(.+)?(shortzon|coinadfly|fc-lc)(\\.com)(\\/.*)/","/^(https?:\\/\\/)(.+)?(downfile|promo-visits)(\\.site)(\\/.*)/","/^(https?:\\/\\/)(1dogecoin|faucet)(\\.work)(\\/.*)/"],"orig_matches":["*://*.filesearch.link/*","*://*.trangchu.news/*","*://*.ccshort.click/*","*://*.bitcoinly.in/*","*://*.cryptosh.pro/*","*://*.vshort.link/*","*://*.cashurl.in/*","*://*.cuturl.in/*","*://*.mitly.us/*","*://*.aii.sh/*","*://*.iir.ai/*","*://*/recaptcha/*","*://*.simpcity/*","*://*.bunkr/*","*://*.yandex/*","*://*.socialmediagirls/*"],"orig_noframes":null,"orig_run_at":"document-start","use_blockers":[],"use_connects":[],"use_excludes":[],"use_includes":[],"use_matches":[]},"run_at":null,"sandbox":null,"tab_types":null,"unwrap":null},"settings":{"enabled":true,"position":68},"meta":{"name":"All Popups Blocker and reCAPTCHA Solver","uuid":"5a278c91-7a0c-4c80-a2ec-c36ebc0f9f89","modified":1688325277930,"file_url":"https://greasyfork.org/scripts/439683-all-popups-blocker-and-recaptcha-solver/code/All%20Popups%20Blocker%20and%20reCAPTCHA%20Solver.user.js"}}