{"options":{"check_for_updates":true,"comment":null,"compat_foreach":false,"compat_metadata":false,"compat_powerful_this":null,"compat_wrappedjsobject":false,"compatopts_for_requires":true,"noframes":null,"override":{"merge_connects":true,"merge_excludes":true,"merge_includes":true,"merge_matches":true,"orig_connects":[],"orig_excludes":[],"orig_includes":[],"orig_matches":["https://disk.yandex.com/*"],"orig_noframes":null,"orig_run_at":"document-idle","use_blockers":[],"use_connects":[],"use_excludes":[],"use_includes":[],"use_matches":[]},"run_at":null,"sandbox":null,"tab_types":null,"unwrap":null},"settings":{"enabled":true,"position":92},"meta":{"name":"Anti-ads - yandex.com","uuid":"23f16d67-63ea-4a5e-b9b1-0985806454bb","modified":1691397018155,"file_url":"https://greasyfork.org/scripts/436281-anti-ads-yandex-com/code/Anti-ads%20-%20yandexcom.user.js"}}