{"options":{"check_for_updates":true,"comment":null,"compat_foreach":false,"compat_metadata":false,"compat_powerful_this":null,"compat_wrappedjsobject":false,"compatopts_for_requires":true,"noframes":null,"override":{"merge_connects":true,"merge_excludes":true,"merge_includes":true,"merge_matches":true,"orig_connects":[],"orig_excludes":[],"orig_includes":["/^http.+\\.jpg$/","/^http.+\\.jpeg$/","/^http.+\\.png$/","/^http.+\\.gif$/"],"orig_matches":[],"orig_noframes":null,"orig_run_at":"document-idle","use_blockers":[],"use_connects":[],"use_excludes":[],"use_includes":[],"use_matches":[]},"run_at":null,"sandbox":null,"tab_types":null,"unwrap":null},"settings":{"enabled":false,"position":35},"meta":{"name":"Auto reload image after error, Referral Denied","uuid":"b5be29c6-5e08-4e2b-b529-518c467b6472","modified":1673881663368,"file_url":"https://greasyfork.org/scripts/18425-auto-reload-image-after-error-referral-denied/code/Auto%20reload%20image%20after%20error,%20Referral%20Denied.user.js"}}