{"options":{"check_for_updates":true,"comment":null,"compat_foreach":false,"compat_metadata":false,"compat_powerful_this":null,"compat_wrappedjsobject":false,"compatopts_for_requires":true,"noframes":null,"override":{"merge_connects":true,"merge_excludes":true,"merge_includes":true,"merge_matches":true,"orig_connects":[],"orig_excludes":[],"orig_includes":[],"orig_matches":["*://anonfiles.com/*","*://bayfiles.com/*","*://gofile.io/*"],"orig_noframes":null,"orig_run_at":"document-end","use_blockers":[],"use_connects":[],"use_excludes":[],"use_includes":[],"use_matches":[]},"run_at":null,"sandbox":null,"tab_types":null,"unwrap":null},"settings":{"enabled":false,"position":75},"meta":{"name":"Auto Click Download for Anonfiles, Bayfiles, GoFile","uuid":"c32e4d80-5299-473e-84d9-09ba98c43449","modified":1686789873169,"file_url":"https://greasyfork.org/scripts/456543-auto-click-download-for-anonfiles-bayfiles-gofile/code/Auto%20Click%20Download%20for%20Anonfiles,%20Bayfiles,%20GoFile.user.js"}}