{"options":{"check_for_updates":true,"comment":null,"compat_foreach":false,"compat_metadata":false,"compat_powerful_this":null,"compat_wrappedjsobject":false,"compatopts_for_requires":true,"noframes":null,"override":{"merge_connects":true,"merge_excludes":true,"merge_includes":true,"merge_matches":true,"orig_connects":[],"orig_excludes":[],"orig_includes":[],"orig_matches":["*yandex.com/images/*"],"orig_noframes":null,"orig_run_at":"document-idle","use_blockers":[],"use_connects":[],"use_excludes":[],"use_includes":[],"use_matches":[]},"run_at":null,"sandbox":null,"tab_types":null,"unwrap":null},"settings":{"enabled":true,"position":34},"meta":{"name":"Better Yandex Image Search","uuid":"94e0b205-43e4-423f-b1cb-1293ef47646e","modified":1673880987786,"file_url":"https://greasyfork.org/scripts/412102-better-yandex-image-search/code/Better%20Yandex%20Image%20Search.user.js"}}