{"options":{"check_for_updates":true,"comment":null,"compatopts_for_requires":true,"compat_wrappedjsobject":false,"compat_metadata":false,"compat_foreach":false,"compat_powerful_this":null,"sandbox":null,"noframes":null,"unwrap":null,"run_at":null,"tab_types":null,"override":{"merge_connects":true,"merge_excludes":true,"merge_includes":true,"merge_matches":true,"orig_connects":[],"orig_excludes":["*://studio.youtube.com/*","*://*.vosan.co/"],"orig_includes":["/^(https?:\\/\\/)(tmearn|makemoneywithurl|shrinkearn|techcyan|link4m|kingsleynyc|modcombo|healthy4pepole|kiktu|1bitspace|pennbookcenter|publicananker|mikl4forex|michaelemad|miklpro|forex-golds|mosqam|semawur|newassets.hcaptcha|challenges.cloudflare|riviwi|doshrink|tophostingapp|calmgram|forex-trnd|literaturetimes|onlineincoms|modsfire|adneow|short.clickscoin|adclickersbot|mobitaak|modebaca|paylinnk|pubiza|100puan|viralxns|cuts-url|popimed|toryxlink|aduzz|lycoslink|cdrab|ibrabucks|ethiomi|shortenbuddy|kiemlua|smoner|djbhojpurisongs|modsbase|ac.totsugeki|bcvc2|earnwithshortlink|bitzite|link1s|diadiemcheckin|tudiendanhngon|chooyomi|staaker|lucidcam|forexlap|forexmab|linkjust|admediaflex|rekonise|nostralink|bitcotasks|saa3at|mensventure|playpaste|forex-articles|ponselharian|liinkat|thegoneapp|mobi2c|studyuo|hookeaudio|thehostingmentor|linkshortify|mohtawaa|sodocasino68z|dz4link|foodxor|short1s|cr3zyblog|w88th2|fc-lc|expertvn|downphanmem|healdad|ez4mods|try2link|soft3arbi|techyadjectives|ex-foary|crypto4tun|blogmado|itsguider|mgnetu|infinitycoupon|videoslyrics|paid4link|coin-free|1xfaucet|cafenau|techacode|sevenjournals|7misr4day|trflink|get4links|memangbau|world2our|vavada5com|shortlite|bitefaucet|nguyenvanbao|pubgquotes|gaminginfos|sama-pro|shtfly|bestmobilenew|olhonagrana|chedrives|adrinolinks|techloadz|atglinks|nulledsafe|dreamcheeky|cutpaid|fidlarmusic|rodjulian|webhostingpost|tremamnon|samaa-pro|techrfour|ez4short|skincarie|techrayzer|shorteet|puggygaming|tranquangchuan|blogginglass|1shorten|loptelink|charexempire|shotzon|appsblaze|wellness4live|yummy-reciepes|link.bigboxnet|bioinflu|chamcuuhoc|litexblog|7nything|ezeviral|urlsopen|1shortlink|linkerload|filenext|doodshort|kienthucrangmieng|themorningtribune|gamalk-sehetk|adsafelink|cbshort|checkscoin|llinkon|links.apksvip|anhdep24|letsiu|earncryptowrs|cutdomain|usersdrive|uploadrar|bayfiles|krakenfiles|post.copydev|icutlink|short-zero|insurancevela|poketoonworld|arahtekno|mopahealth|nghiencar|educur|gpfaucet|bstlar|uploadhaven|aceskip|apk.miuiku|ecwizon|oncehelp|cutwin|otomi-games|sportsmediaz|big2short|techymozo|novelsapps|tirailangit|intercelestial|tribuntekno|bestcash2020|hoxiin|fooot-map|priefy|uptobox|1fichier|freebrightsoft|dz-linkk|chinhnhacoban|autodime|cortaly|link.3dmili|indianshortner|shortyearn|mp4upload|myshrinker|url.namaidani|userscloud|newworldnew|mkomsel|niinga|uppit|donia-tech|donia2tech|donia2link|btafile|pdiskshortener|aljoodm98|fx4vip|shortzon|up4cash|newsharsh|examkhata|linksht|note1s|teknosimple|discordserv|wikitraveltips|bantenexis|weadown|websiu|link.turkdown|pdfcoffee|faucetgigs|huongdanvuotlink123.blogspot|cuanhapkhau|traffic1s|leaveadvice|coins-town|zero-short|esopress|appsinsta|link-yz|apkadmin|ayelads|gawbne|anonfiles|sharemods|ddownload|asideway|drive.google|safe.intipanime|workupload|filedm|beingtek|sub2get|bindaaslinks|ex-load|xdabo|social-unlock|short-jambo|lyricsbaazaar|aprovax|vn88goat|shrinklo|xemsport|adpaylink|yxoshort|mdiskurl|blog.greenenez|vosliens.mykvostfr|cashlinko|ggoklink|mneylink|best-cpm|clicksfly|megaupto|ufacw|techcartz|softechbharat|okrzone|adshnk|sub2unlock|oydisk|besargaji|dare2qualify|netpopads|adflyfly|monimag|mo3dati|8raa|ikrey|tipsli|urlpayout|urlpoints|hocbeauty|95news|link.get4llink|shrt10|imgbsr|linknih|lessurl|techkeshri|shrinkgold|itechmafiia|link4earn|hosting4lifetime|oyunfilmindir|tecnicalboy|maxurlz|mr-forex|leadcricket|tackaway|88betbongda|sodovns|iwin68m|shrinkcash|dhlgame|bloginkz|blogtechh|hypershort|shorteurl|adrate|slinkware|foodupe|dr-forex|indiajobagency|dz4link1|xpshort|urlshortx|getloanmoney|cryptst|blog.freeoseocheck|forex1pro|bico8|web1s|gogodl|infinityskull|doodjob|link2m|krownlinks|cut-shortlink|lollty|sheralinks|leitup|dev.miuiflash|upfilesurls|techyreviewx|shortox|bankvacency|bitcoinwinco|3rabsports|crazysonglyrics|vnpttelle|forexrw7|gpl-market|timeforearn|link4m|amritadrino|tutorialsaya|revadvert|fx-22|encurtandourl|mixrootmods|mealcold|cutpaidad|allsoftdrivers|cryptfaucet|hotmediahub|tai-mui-hong|adrevlnks|w88linkz|vailonxx|hocreview|sodo66vn|gyanilinks|hamrolekh|minersim|heenglish|comohoy|appkamods|entutes|coinsrev|komikman|bicolink|reshortfly|khoruou-gourmet|contentmenarik|altechen|socialwolvez|lifeezee|rsfinanceinfo|rssoftwareinfo|rshostinginfo|bk8goat|camnangvay|pixeldrain|finoxpert|zegtrends|blackleadr|nestshortener|shortcuthigh|perokokbijak|mneyvip|paste1s|rsshort|rsinsuranceinfo|rsadnetworkinfo|rseducationinfo|adwerty|devuploads|mega4upload|dropgalaxy|houseofblogger|crypto4yu|doodrive|wooseotools|tvseriesnmoviesdl|tgshortener|anchurl|neverdims|coincroco|syflink|adlvy|manofadan|api-secure.solvemedia|yogablogfit|cut-fly|7r6|linkmonetizers|mcafee-com|mrproblogger)(\\.com)(\\/.*)/","/^(https?:\\/\\/)(.+)?(zolomix|cararegistrasi|5golink|birdurls|snkra|artiskini|sh2rt|byboe|medcpu|nousdecor|jobswd|gkqnaexam|imperialstudy|linktrims|eda-ah|restorbio|bdnewsx|upshrink|gifans|ovlinks|imagenesderopaparaperros|yofaurls|digiromotion|wingifta|rancah|delishwell|solidfiles|ourtecads|zubatecno|covemarkets|disheye|askpaccosi|gets4link|elwatanelyoum|ledifha|crypturls|zombiebtc|techwhom|claimbtcbits|techsamir|techymedies|gamelopte|snowurl|claimfey|panylink|wrbloggers|tokenoto|saly-cash|nyawang|kongutoday|softwaresolutionshere|insuranceleadsinfo|bitcosite|clink1|upmienphi|coinsward|clink2|gadgetsreview27|anywho-com|teamtechnews|upload-4ever|admediaflex|btcpany|assettoworld|vikashmewada|linkyearn|appsbull|gam3ah|tinybc|diudemy|hereofamily|urlcorner|phsensei|4shared|ta2deem7arbya|solarchaine|file-upload|shorterall|tribuncrypto|cempakajaya|safelinkduit|adshorturl|linkbnao|tinycmd|cloudshrinker|proviralhost|technicalatg|v2links|ytsubme|rainurl|arahlink|m4cut|teachsansar|web9academy|shortxlinks|flyrar|pythondunyasi|on-scroll|shrtfly|shrinkclick|adsquite|earnash|hipsonyc|sonicbtc|menjelajahi|financerites|itscybertech|dash-free|sekilastekno|almontsf|cash4share|linkwards|freevpshere|kredilerim|porterfuneralhomee|aghtas|proappapk|cskua|toilaquantri|youssefsayed|aracodes|financenube|wiki-topia|pinloker|publicearn|uploadsoon|paid4file|gyanitheme|howifx|vocalley|factsdunya|blogyindia|networkhint|pernahsukses|vnshortener|gamingwithtr|udrop|rezence|businessnews-nigeria|elmokhbir|forexscp|youtube|pnfreegames|miuiflash|ishortify|thebindaas|vipalalmania|viewfr|startoshi|bakumoney|adbitfly|shrinkads|newsturbovid|mazen-ve3|thefastpost|encurtaclik|wiour|mtraffics|povathemes|viewboonposts|maqal360|sahityt|techhadi|lolinez|manga2day|rapid-cut|filepresident|earn2me|shorturllinks|suaurl)(\\.com)(\\/.*)/","/^(https?:\\/\\/)(ourcoincash|1manga|watchdoge|arenaboard|ccsl|adsgo|shon|crypto-faucet|bingeflix|studystar|bflinks|linkawynet|insurancepost|stryt|short-cash2|wizzly|mgnet|crypteen|dogeen|fauceteen|cutdl|sportawy|fexkomin|technemo|zoomcrypto|techboyz|99links|bastinews|offrcms|tsinfo|shortnow|shortlinkto|post.nites-tv|shortplus|technoloy|techyuth|stores.filmyzilla-in|swzz|acortame|alghtas|wizly|horanews|short2fly|bcvc|healthbloog|mmdrive|satoshi-hunter|0uq|blog.movies-near-me|st.kleaco|playlink|link2money|mkvlinks|nabits|welovecrypto|short2url|egstar|playdisk|gibit|studyis|kukslincs|magictoshi|eduqqq|nishankhatri|techthematter|moinsider|satoshi-win|my-coins|stfly|deltabtc|cryptofenz)(\\.xyz)(\\/.*)/","/^(https?:\\/\\/)(.+)?(senuansatechno|claimercorner|shortly|doctorcoin|speedynews|1apple|ffworld|textpage|fidovy|pcomnews|adshorti|sapica|earnfacut|urlbharat|dropz|chainfo|techleets|earnl|shortpay|modmakers|kyshort|trxking|aoutoqw|healthysamy|coin2pay|tsinfo|financeandinsurance|mangafun|opli|beycoin|myartical)(\\.xyz)(\\/.*)/","/^(https?:\\/\\/)(techydino|world-trips|yoshare|lets.5get|crypto-fi|wpcheap|coinmasterx|catcut|aztravels|dulichkhanhhoa|sub2unlock|dataupload|forex-gold|7apple|ccurl|link1s|url.namaidani|adskip|hurirk|usfinf|xervoo|hexupload|eloism|cutt|forexshare|blog.cryptowidgets|neexulro|dailyuploads|douploads|simfileshare|fir3|magybu|racaty|linegee|blogesque|thuocdangian|altblogger|letsboost|conghuongtu|vinaurl|tecmundo|try2link|blog.coinsvalue|khaddavi|8tm|traffic24h|shortearn|cut-y|megadb|cpmlink|blog.webfreetools|rslinks|dupload|userupload|oaxyteek|xonnews|yosite|cryptopaid|bluetechno|w88vnz|tmearn|click1s|turbobit|megaup|hitfile|v2guides|cutearn|hislink|financeyogi|sahlmarketing|rapidgator|blogbux|otechno)(\\.net)(\\/.*)/","/^(https?:\\/\\/)(.+)?(digitalnaz|owllink|mozlink|cryptosats|rocklinks|celinks|jiotech|bitcomarket|illink|jemari|paid4link|link3s|boscoin|linkrex|fire-link|urlw|pilinks|linkshortify|youshort|bicolink|cookinguide|indiurl.in|vip-link|themezon|tnshort|makeupguide|carstopia|btcsatoshi|hostadviser|carsmania|file-upload|up-4ever)(\\.net)(\\/.*)/","/^(https?:\\/\\/)(tnlink|jrlinks|qualitystudymaterial|missionhight|wpking|zagl|streamshort|cutp|earnmoj|cplink|cryptomonitor|linkshortify|htlinks|linkocean|djxmaza|bildirim|battlechamp|sahilsumra|kerdlinfo|urlcut|insurancevlog|itechlogic|videolyrics|tekcrypt|missionhight|gplinks|moddingzone|adybrands|gz2|dulink|aclinks|hidelinks|shortearn|u.apgy|modzilla|thebestwishes|mrdoge|s2fly|filerio|thebloggerspoint|jslink|moviesnew|technocubes|afly|healthynepal|djnonstopmusic|omegalinks|jobform|kingbit.co|du-link|ouoi|by6|adrinolinks|rklinks|mymobilehub|techdaze|link4earn|rupamobile|examsolution|earn4link|kalvidudes|techwithsanikant|ibyt|flyurl|cosmictap|naukrilelo|nanolinks|cutp|linkpays|trends99|link.skm4u.co|linkwards.co|computerpedia|apkupload|banaraswap|jobphoria|techincubator|bookszone|file-upload|freebitco|apna-blog|earn4clicks|adbitfly|greylinks|djqunjab)(\\.in)(\\/.*)/","/^(https?:\\/\\/)(.+)?(cashurl|bitcoinly|crazyblog|zolomix|technologylover|expertlinks|largestpanel|rsrlink|short2url|99links|enit|url2go|tnvalue|pvidly|apurl|urlinked|mdlink|gamerfang|writedroid|teckypress|fixno|paisakamalo|inkik|shrinkforearn|easysky|mdiskplayer|akcartoons|open2get|adzz|qora|insurancegold|smallinfo|filmypoints|linkshild|viplink|cuturl|e2share|shorturllink|opiniontoday|theforyou|sigmalinks|financerites|cordtpoint.co|mdisk.net|techyinfo|btcbitco|apnashortener|megafly|megaurl|tplinks|tnlinks|meclipstudy|v2links|finclub|greymatterslinks|shareus|apanmusic|shrinkbit)(\\.in)(\\/.*)?/","/^(https?:\\/\\/)(.+)?(scratch247|azmath|mobilereview|inform3tion|shortlinkto|wez|bitcrypto|cooklike|videoclip|brbushare|fanclup|nulledlist|coinscap|1short|69vn|web1s|missreview|every-crypto|ajlinks|bit4me|sportweb)(\\.info)(\\/.*)/","/^(https?:\\/\\/)(exee.my|onlineteori.my|karyawan.co|rotator.nurul-huda.sch|activity.my|massive.my|caview.my|nesiaku.my|lewati|arahlink|linkk|free4u.nurul-huda.or|link.nesia.my|omdata.my|mydata.my|healthydad.my|lajangspot.web|mbantul.my)(\\.id)(\\/.*)/","/^(https?:\\/\\/)(.+)?(suratresmi|carapedi|salink|mycut.my|apasih.my|indofaucet.my|wapka|tonanmedia.my)(\\.id)(\\/.*)/","/^(https?:\\/\\/)(aylink|mynewsmedia|gtlink|droplink|123link|linksfy|adshorti|hxfile|dosya|takem|dausel|modlink|slwatch|5tl|desiupload|tech5s|9-animie|veganho|nulledmod|veganac|dealprice|arabplus2|cut-y|adshort|sub2me|gplinks|web1s|ku11net|mixdrop)(\\.co)(\\/.*)/","/^(https?:\\/\\/)(.+)?(takez|linksfire|vosan|tinygo|veganab|adfloz|fexkomin|linksly|finsurances)(\\.co)(\\/.*)/","/^(https?:\\/\\/)(girls-like|gobits|zoss|tlin|terafly|petafly|gigafly|adnews|papanews|panyflay|mozzfly|shortus|short.croclix|best-news|4cash|mega-news|wildblog|dddrive|linkpoi|m.newhit|mboost|linkshorts|exafly|nonofly|lozzfly|uptomega|stfly|adbull|youshort|health-and|cutx|adsk|linkfly|appdrive|shorter.earn-hub|pkin|cashando|hunterkiller|acortalink|ar-goal|linkdam|adzully|adbully|zumpa|botfly|weezo|gtlinks|krownlinks|blog24|sh24|slfly|dbree|yudiblog)(\\.me)(\\/.*)/","/^(https?:\\/\\/)(.+)?(theconomy|richlink|qnix|hatelink|rb7|shrinke|skiplink)(\\.me)(\\/.*)/","/^(https?:\\/\\/)(newforex|wplink|nbyts|wealthystyle|clicksfly|happy-living|webcoin.coinrain|teacherana|earnow|earn-cash|yourtechnology|apks|network-earn|shopforex|o-pro|wedocrypto|softindexsite|ea-shorter.earn-hub|kooora365|flylinks|earn-bitcoin|ludofantsypk|panytourism|wikiversity|exactpay|seulink)(\\.online)(\\/.*)/","/^(https?:\\/\\/)(.+)?(readi|linkmumet|shorte|battleroyal|kjcrypto|litecoinly|techeysub|forexit|o-pro)(\\.online)(\\/.*)/","/^(https?:\\/\\/)(sitr|downfile|savelink|linkshortify|shareus|mobileprice|mynurse|short1|forextrader|shortener.goldcontent|lksfy|1xlink|savelink|busthings|icerik|adfly)(\\.site)(\\/.*)/","/^(https?:\\/\\/)(.+)?(cekip|link4rev|coin-city|urlcash|alwrificlick|softindex|promo-visits|bluemediafile|flyearn|claimbits|shtfly)(\\.site)(\\/.*)/","/^(https?:\\/\\/)(bluemediafile|tourismtravels1|tourismtravels2|tourismtravels3|tourismtravels4|tourismtravels5|tourismtravels9|filepress)(\\.sbs)(\\/.*)/","/^(https?:\\/\\/)(earnme|sanoybonito|automotur|kooza|1link|zentum|forexwaw|megatube|88bet1|clicknupload)(\\.club)(\\/.*)/","/^(https?:\\/\\/)(.+)?(usanewstoday|kadal|webhostingtips|mytop5)(\\.club)(\\/.*)/","/^(https?:\\/\\/)(adrev|paid4|yousm|coinpayz|tr|tfly|sox|clk.dti|besturl|boostme|takefile|appo|linkshortifyx|panyshort|mdiskshortner|leit|shortano|shortino|streamcheck|bildirim|healthmart)(\\.link)(\\/.*)/","/^(https?:\\/\\/)(.+)?(vshort|stex|cash4|zuba|adsen|shrinkme|shrs|xcut)(\\.link)(\\/.*)/","/^(https?:\\/\\/)(shurt|shortit|adsy|bitlinks|clik|playstore|megalink|link4)(\\.pw)(\\/.*)/","/^(https?:\\/\\/)(.+)?(prz|pong|insfly|wts|sollink|linkvor)(\\.pw)(\\/.*)/","/^(https?:\\/\\/)(linkshor|cortlink|moneylink)(\\.tk)(\\/.*)/","/^(https?:\\/\\/)(.+)?(madfaucet|mineshor)(\\.tk)(\\/.*)/","/^(https?:\\/\\/)(onimports|link.encurtaon|economiarelevante)(\\.com\\.br)(\\/.*)/","/^(https?:\\/\\/)(.+)?(kiiw|passgen|wordcounter|shrink|revcot|clickzu|shortzu|flyzu|cpm|viply)(\\.icu)(\\/.*)/","/^(https?:\\/\\/)(tny|tinyurl)(\\.so)(\\/.*)/","/^(https?:\\/\\/)(.+)?(zshort|claimcrypto|cashearn|1ink|linkpay|moneylink|intnews|openload|linkspy|letsupload|linx|upvid|adurly|getlink|stfly)(\\.cc)(\\/.*)/","/^(https?:\\/\\/)(exey|ezlinks|techmody|ouo|uploady|racaty|1short|earnlink|casinotructuyen|vn88|blitly|getdashcoin|saly|cuty|oke|letsupload|eio|oii|exe|viplinks|shrinkme|up-load|gofile|apkmody)(\\.io)(\\/.*)/","/^(https?:\\/\\/)(.+)?(linkfly|usalink|shorti|datacheap)(\\.io)(\\/.*)/","/^(https?:\\/\\/)(cryptoad|wikile|uploadev|mega4upr|cshort|payskip|homeairquality|shortearn|roll.btc25|sl.btc25|earnsfly|sl2.btc25|bugatti.eu|linkbong88moinhat|oploverz|kusonime|komikindo|multiup|novafile)(\\.org)(\\/.*)/","/^(https?:\\/\\/)(.+)?(medipost|shrinkurl|keeplinks|rajdlsg|readbitcoin|writedroid.eu|modmania.eu)(\\.org)(\\/.*)/","/^(https?:\\/\\/)(jameeltips|mitly|adfoc|link4fun|shrinke|siiu|vzu)(\\.us)(\\/.*)/","/^(https?:\\/\\/)(.+)?(yalla-shoot-now|forexeen|jaelink|link2u)(\\.us)(\\/.*)/","/^(https?:\\/\\/)(.+)?(adshort|1bit|2the|careerhunter|galaxy-link|adz7short|oscut|cryptonworld|dutchycorp)(\\.space)(\\/.*)/","/^(https?:\\/\\/)(noweconomy|deportealdia|adshort|ay|pngit|pndx|tyzen|shivshakti)(\\.live)(\\/.*)/","/^(https?:\\/\\/)(.+)?(earnads|genpassword|shrlink|punyamerk|shortnow|freeltc|forexfiter)(\\.top)(\\/.*)/","/^(https?:\\/\\/)(freelitecoin|uplinkto|1Link|dropgalaxy|smartlink|1mlink)(\\.vip)(\\/.*)/","/^(https?:\\/\\/)(faucetcrypto|bildirim|beta.shortearn)(\\.eu)(\\/.*)/","/^(https?:\\/\\/)(nex-url|olamovies|atrologyrex)(\\.cyou)(\\/.*)/","/^(https?:\\/\\/)(antonimos|blog.hostratgeber|sinonimos)(\\.de)(\\/.*)/","/^(https?:\\/\\/)(webmobile|dailytime)(\\.store)(\\/.*)/","/^(https?:\\/\\/)(.+)?(flyad|lootcash|manylink)(\\.vip)(\\/.*)/","/^(https?:\\/\\/)(romania|met|warp)(\\.bz)(\\/.*)/","/^(https?:\\/\\/)(2ad|viya|17o)(\\.ir)(\\/.*)/","/^(https?:\\/\\/)(adshrink|cutin)(\\.it)(\\/.*)/","/^(https?:\\/\\/)(pingit|files|upo)(\\.im)(\\/.*)/","/^(https?:\\/\\/)(clk|9xupload|mg188|adbrite)(\\.asia)(\\/.*)/","/^(https?:\\/\\/)(aii|clk|oko|ctr|mexa|sht|pro)(\\.sh)(\\/.*)/","/^(https?:\\/\\/)(iir|tei|ier|ckk)(\\.ai)(\\/.*)/","/^(https?:\\/\\/)(.+)?(upload|prx)(\\.ee)(\\/.*)/","/^(https?:\\/\\/)(.+)?(ptr|mdn|neonime)(\\.lol)(\\/.*)/","/^(https?:\\/\\/)(.+)?(goo|oxy)(\\.st)(\\/.*)/","/^(https?:\\/\\/)(.+)?(paylinks|oxy)(\\.cloud)(\\/.*)/","/^(https?:\\/\\/)(.+)?(mdn|insurance4u)(\\.world)(\\/.*)/","/^(https?:\\/\\/)(.+)?(cryptofuns|cryptonetos)(\\.ru)(\\/.*)/","/^(https?:\\/\\/)(.+)?(mirrored|clicknupload|sumoweb|streamhide|hec)(\\.to)(\\/.*)/","/^(https?:\\/\\/)(.+)?(ouo|forextrader|daga88)(\\.today)(\\/.*)/","/^(https?:\\/\\/)(.+)?(techgeek|adsgo|seulink)(\\.digital)(\\/.*)/","/^(https?:\\/\\/)(.+)?(goto.com|nishankhatri.com)(\\.np)(\\/.*)/","/^(https?:\\/\\/)(.+)?(360shortlink|myra|morunique|tmpfree|reeshort)(\\.cf)(\\/.*)/","/^(https?:\\/\\/)(.+)?(i8l|clk|pi-l|bcvc|modli|beast|boost|uptobhai|work|5tl|gainl)(\\.ink)(\\/.*)/","/^(https?:\\/\\/)(.+)?(mhma12|surflink|techtrim|adcash|yotrickslog|shortlinks|pdiskpage)(\\.tech)(\\/.*)/","/^(https?:\\/\\/)(kiw|redir.123file|cutl)(\\.li)(\\/.*)/","/^(https?:\\/\\/)(fc|fcc)(\\.lc)(\\/.*)/","/^(https?:\\/\\/)(adz|komikcast)(\\.moe)(\\/.*)/","/^(https?:\\/\\/)(1dogecoin|faucet|cpu-miner.leaks)(\\.work)(\\/.*)/","/^(https?:\\/\\/)(.+)?(123link|mtagang|shorturl)(\\.biz)(\\/.*)/","/^(https?:\\/\\/)(.+)?(3shorturl|earnbitcoin)(\\.gq)(\\/.*)/","/^(https?:\\/\\/)(.+)?(exe|exee|exep|exeo|upfiles|cutty|linkfly|rsgamer)(\\.app)(\\/.*)/","/^(https?:\\/\\/)(.+)?(makeeasybtc|softindex|techus|cryptorotator)(\\.website)(\\/.*)/","/^(https?:\\/\\/)(linka|xtrabits|skipads|softindex|elinks|freecc|ccshort|clicknupload|workink|filepress|coinsl|adbitfly)(\\.click)(\\/.*)/","/^(https?:\\/\\/)(.+)?(easysl|adlink|adzilla|urlcash|freebitcoin|urlcashh|revly|jetmedia)(\\.click)(\\/.*)/","/^(https?:\\/\\/)(.+)?(hamody|nathanaeldan|freddyoctavio|davisonbarker|clks|cryptosh|bestfonts|gitlink|openurl|bitads|afly|mdisk|earnify|inshort)(\\.pro)(\\/.*)/","/^(https?:\\/\\/)(claim|pricenews|alaashow|bitclick|adsbtc|moburl|clicklink|bitcoinfaucet|linkmatic|linkpress|terabox|exalink|oscut)(\\.fun)(\\/.*)/","/^(https?:\\/\\/)(.+)?(apkmody|freetrx)(\\.fun)(\\/.*)/","/^(https?:\\/\\/)(.+)?(up-load|zcash|mdisk|holdtoearn|g4z)(\\.one)(\\/.*)/","/^(https?:\\/\\/)(linkati|curto|mg188|freebitcoin|bigbtc|firefaucet)(\\.win)(\\/.*)/","/^(https?:\\/\\/)(zonearn|hynews)(\\.biz)(\\/.*)/","/^https:\\/\\/linkvertise\\.com\\/(1|2|3|4|5|6|7|8|9)/","/^(https?:\\/\\/)(.+)?(nhacaiuytin|sv388)(\\.ac)(\\/.*)/","/^(https?:\\/\\/)(.+)?(mediafire)(\\.com)\\/(download|file)/","/^(https?:\\/\\/)(.+)?(cryptocurrencytracker|freefaucet)(\\.biz)\\/(link)/","/^(https?:\\/\\/)(.+)?(thanglonggroup|bigone|kienvang|silcot.com|bemom.com|sunflowersteiner.edu)(\\.vn)(\\/.*)/","/^(https?:\\/\\/)(.+)?(clickscoin|offeroc|cryptotyphoon|softairbay)(\\.com)\\/(short)/"],"orig_matches":["*://al.ly/*","*://za.gl/*","*://c2g.at/*","*://tii.la/*","*://send.cm/*","*://adoc.pub/*","*://files.fm/*","*://1gom.shop/*","*://slink.bid/*","*://ouo.press/*","*://7cc.96.lt/*","*://gktech.uk/*","*://one88.day/*","*://giti.works/*","*://tinyurl.is/*","*://*.gdtot.cfd/*","*://lolabits.se/*","*://share4u.men/*","*://filemoon.sx/*","*://bzlink.cu.ma/*","*://*.zippysha.re/*","*://uplinkto.hair/*","*://litecoin.host/*","*://drop.download/*","*://linkshrink.ca/*","*://*/*?xref=*&sl=*","*://short.express/*","*://*.coinhub.wiki/*","*://urlcashh.quest/*","*://arbweb.info/sl/*","*://*.cizgifilm.tv/*","*://downloads.ninja/*","*://*.trangchu.news/*","*://automat.systems/*","*://*.rapidshort.lat/*","*://clicknupload.red/*","*://*/recaptcha/api2/*","*://docs.google.com/uc*","*://dutchycorp.ovh/s*/*","*://castles4kids.co.nz/*","*://adbtc.top/surf/browse/*","*://anonym.ninja/download/*","*://faucetcrypto.net/short/*","*://konstantinova.net/verify/*","*://playnano.online/watch-and*","*://adbtc.top/surfiat/browse/*","*://noodlemagazine.com/download/*","*://faucetcrypto.com/claim/step/*","*://*.racedepartment.com/downloads/*"],"orig_noframes":null,"orig_run_at":"document-start","use_blockers":[],"use_connects":[],"use_excludes":[],"use_includes":[],"use_matches":[]}},"settings":{"enabled":true,"position":66},"meta":{"name":"Bypass All Shortlinks","uuid":"860ec93a-84cd-4b1e-a0b4-6df7a28197c2","modified":1692390862910,"file_url":"https://greasyfork.org/scripts/431691-bypass-all-shortlinks/code/Bypass%20All%20Shortlinks.user.js"}}