{"options":{"check_for_updates":true,"comment":null,"compat_foreach":false,"compat_metadata":false,"compat_powerful_this":null,"compat_wrappedjsobject":false,"compatopts_for_requires":true,"noframes":null,"override":{"merge_connects":true,"merge_excludes":true,"merge_includes":true,"merge_matches":true,"orig_connects":[],"orig_excludes":[],"orig_includes":["/^https?://([a-z0-9]+\\.)?amateurslust\\.com/content/([0-9]+)/.*\\.html/","/^https?://([a-z0-9]+\\.)?angrymovs\\.com/content/([0-9]+)/.*\\.html/","/^https?://([a-z0-9]+\\.)?beeg\\.com/([0-9]+)/","/^https?://([a-z0-9]+\\.)?befuck\\.com/videos/([0-9]+)/.*/","/^https?://([a-z0-9]+\\.)?burningcamel\\.com/video/.*/","/^https?://([a-z0-9]+\\.)?buttinsider\\.com/content/([0-9]+)/.*\\.html/","/^https?://([a-z0-9]+\\.)?cuntriot\\.com/content/([0-9]+)/.*\\.html/","/^https?://([a-z0-9]+\\.)?deviantclip\\.com/watch/.*/","/^https?://([a-z0-9]+\\.)?drtuber\\.com/video/([0-9]+)/.*/","/^https?://([a-z0-9]+\\.)?extremetube\\.com/video/.*-([0-9]+)/","/^https?://([a-z0-9]+\\.)?fetishok\\.com/content/([0-9]+)/.*\\.html/","/^https?://([a-z0-9]+\\.)?fetishshrine\\.com/videos/([0-9]+)/.*/","/^https?://([a-z0-9]+\\.)?foxytube\\.com/videos/([0-9]+)/.*\\.html/","/^https?://([a-z0-9]+\\.)?hentaitube.biz/view/([0-9]+)/.*/","/^https?://([a-z0-9]+\\.)?hentaitube\\.tv/video/([0-9]+)/.*/","/^https?://([a-z0-9]+\\.)?hotnaughtyteens\\.com/([0-9]+)/.*\\.html/","/^https?://([a-z0-9]+\\.)?hotshame\\.com/videos/([0-9]+)/.*/","/^https?://([a-z0-9]+\\.)?jerkbandit\\.com/videos/.*-([0-9]+)\\.html/","/^https?://([a-z0-9]+\\.)?katestube\\.com/videos/([0-9]+)/.*/","/^https?://([a-z0-9]+\\.)?keezmovies\\.com/video/.*-([0-9]+)$/","/^https?://([a-z0-9]+\\.)?kinkytube\\.me/video/([0-9]+)/.*/","/^https?://([a-z0-9]+\\.)?madmovs\\.com/content/([0-9]+)/.*\\.html/","/^https?://([a-z0-9]+\\.)?manhub\\.com/watch/([0-9]+)/.*/","/^https?://([a-z0-9]+\\.)?mofosex\\.com/videos/([0-9]+)/.*-([0-9]+)\\.html/","/^https?://([a-z0-9]+\\.)?motherless\\.com/([a-z0-9]+)/","/^https?://([a-z0-9]+\\.)?nastymovs\\.com/content/([0-9]+)/.*\\.html/","/^https?://([a-z0-9]+\\.)?nuvid\\.com/video/([0-9]+)/.*/","/^https?://([a-z0-9]+\\.)?overthumbs\\.com/galleries/.*/","/^https?://([a-z0-9]+\\.)?p963\\.com/videos/.*-([0-9]+)\\.html/","/^https?://([a-z0-9]+\\.)?pinkrod\\.com/videos/([0-9]+)/.*/","/^https?://([a-z0-9]+\\.)?playvid\\.com/([a-z0-9]+)/","/^https?://([a-z0-9]+\\.)?porn\\.com/videos/.*-([0-9]+)\\.html/","/^https?://([a-z0-9]+\\.)?pornerbros\\.com/([0-9]+)/.*\\.html/","/^https?://([a-z0-9]+\\.)?pornhub\\.com/view_video.php\\?viewkey=([0-9]+)/","/^https?://([a-z0-9]+\\.)?pornper\\.com/video/([0-9]+)/.*/","/^https?://([a-z0-9]+\\.)?pornsharing\\.com/.*_v([0-9]+)/","/^https?://([a-z0-9]+\\.)?porntalk\\.com/([0-9]+)/.*\\.html/","/^https?://([a-z0-9]+\\.)?racialxxx\\.com/content/([0-9]+)/.*\\.html/","/^https?://([a-z0-9]+\\.)?rawtube\\.com/videos/.*-([0-9]+)\\.html/","/^https?://([a-z0-9]+\\.)?redtube\\.com/([0-9]+)/","/^https?://([a-z0-9]+\\.)?sexytube\\.me/video/([0-9]+)/.*/","/^https?://([a-z0-9]+\\.)?sleazyneasy\\.com/videos/([0-9]+)/.*/","/^https?://([a-z0-9]+\\.)?sluttyred\\.com/videos/.*-([0-9]+)\\.html/","/^https?://([a-z0-9]+\\.)?spankwire\\.com/.*/video([0-9]+)/","/^https?://([a-z0-9]+\\.)?submityourdude\\.com/videos/([0-9]+)/.*\\.html/","/^https?://([a-z0-9]+\\.)?submityourflicks\\.com/videos/([0-9]+)/.*\\.html/","/^https?://([a-z0-9]+\\.)?submityourmom\\.com/videos/([0-9]+)/.*\\.html/","/^https?://([a-z0-9]+\\.)?submityourtapes\\.com/videos/([0-9]+)/.*\\.html/","/^https?://([a-z0-9]+\\.)?sunporno\\.com/videos/([0-9]+)/","/^https?://([a-z0-9]+\\.)?tube8\\.com/.*/.*/([0-9]+)/","/^https?://([a-z0-9]+\\.)?updatetube\\.com/videos/([0-9]+)/.*/","/^https?://([a-z0-9]+\\.)?viptube\\.com/video/([0-9]+)/.*/","/^https?://([a-z0-9]+\\.)?wetplace\\.com/videos/([0-9]+)/.*/","/^https?://([a-z0-9]+\\.)?xhamster\\.com/movies/([0-9]+)/.*\\.html/","/^https?://([a-z0-9]+\\.)?xtube\\.com/watch\\.php\\?v=.*/","/^https?://([a-z0-9]+\\.)?xvideos\\.com/video([0-9]+)/.*/","/^https?://([a-z0-9]+\\.)?xxxymovies\\.com/([0-9]+)/","/^https?://([a-z0-9]+\\.)?yobt\\.com/content/([0-9]+)/.*\\.html/","/^https?://([a-z0-9]+\\.)?youjizz\\.com/videos/.*-([0-9]+)\\.html/"],"orig_matches":[],"orig_noframes":null,"orig_run_at":"document-end","use_blockers":[],"use_connects":[],"use_excludes":[],"use_includes":[],"use_matches":[]},"run_at":null,"sandbox":null,"tab_types":null,"unwrap":null},"settings":{"enabled":true,"position":90},"meta":{"name":"DirtyDDL","uuid":"c75d57f0-030f-4e0e-b432-355ba395a8a4","modified":1687096167404,"file_url":"https://userscripts-mirror.org/scripts/source/108724.user.js"}}