{"options":{"check_for_updates":true,"comment":null,"compat_foreach":false,"compat_metadata":false,"compat_powerful_this":null,"compat_wrappedjsobject":false,"compatopts_for_requires":true,"noframes":null,"override":{"merge_connects":true,"merge_excludes":true,"merge_includes":true,"merge_matches":true,"orig_connects":[],"orig_excludes":[],"orig_includes":["*://medium.com/*","*://twitter.com/*","*://*.twitter.com/*","*://weibo.com/*","*://*.weibo.com/*","*://*.vmgirls.com/*","*://wallpaperhub.app/*","*://*.bing.com/*","*://*.msn.cn/*","*://instagram.com/*","*://*.instagram.com/*","*://instagram.com/*","*://*.instagram.com/*","*://tiktok.com/*","*://*.tiktok.com/*","*://*.douyin.com/*","*://*.kuaishou.com/*","*://*.xiaohongshu.com/*"],"orig_matches":["*://nijijourney.com/*","*://*.midjourney.com/*","*://dribbble.com/*","*://*.dribbble.com/*"],"orig_noframes":true,"orig_run_at":"document-idle","use_blockers":[],"use_connects":[],"use_excludes":[],"use_includes":[],"use_matches":[]},"run_at":null,"sandbox":null,"tab_types":null,"unwrap":null},"settings":{"enabled":false,"position":20},"meta":{"name":"Download Original Picture","uuid":"a27858d7-2bd5-47e5-89c6-1fd8f4ca32c6","modified":1687289394497,"file_url":"https://greasyfork.org/scripts/396746/code/script.user.js"}}