{"options":{"check_for_updates":true,"comment":null,"compat_foreach":false,"compat_metadata":false,"compat_powerful_this":null,"compat_wrappedjsobject":false,"compatopts_for_requires":true,"noframes":null,"override":{"merge_connects":true,"merge_excludes":true,"merge_includes":true,"merge_matches":true,"orig_connects":[],"orig_excludes":[],"orig_includes":[],"orig_matches":["http://*/*","https://*/*","ftp://*/*"],"orig_noframes":null,"orig_run_at":"document-idle","use_blockers":[],"use_connects":[],"use_excludes":[],"use_includes":[],"use_matches":[]},"run_at":null,"sandbox":null,"tab_types":null,"unwrap":null},"settings":{"enabled":false,"position":97},"meta":{"name":"DownloadAllContent","uuid":"7b0cfcd9-d273-4d83-87aa-a0f7aebe7262","modified":1691462277182,"file_url":"https://github.com/4ndr0666/UserScripts/raw/master/DownloadAllContent/DownloadAllContent.user.js"}}