{"options":{"check_for_updates":true,"comment":null,"compat_foreach":false,"compat_metadata":false,"compat_powerful_this":null,"compat_wrappedjsobject":false,"compatopts_for_requires":true,"noframes":null,"override":{"merge_connects":true,"merge_excludes":true,"merge_includes":true,"merge_matches":true,"orig_connects":[],"orig_excludes":["*/photoset_iframe/*","*imageshack.us*","*imageshack.com*","*//scmplayer.*","*//wikplayer.*","*//www.wikplayer.*","*//www.tumblr.com/search*"],"orig_includes":["http://*?ezastumblrscrape*","https://*?ezastumblrscrape*","http://*/ezastumblrscrape*","http://*.tumblr.com/","https://*.tumblr.com/","http://*.tumblr.com/page/*","https://*.tumblr.com/page/*","http://*.tumblr.com/tagged/*","https://*.tumblr.com/tagged/*","http://*.tumblr.com/search/*","https://*.tumblr.com/search/*","http://*.tumblr.com/post/*","https://*.tumblr.com/post/*","https://*.media.tumblr.com/*","https://media.tumblr.com/*","http://*/archive","https://*/archive","http://*.co.vu/*"],"orig_matches":[],"orig_noframes":null,"orig_run_at":"document-idle","use_blockers":[],"use_connects":[],"use_excludes":[],"use_includes":[],"use_matches":[]},"run_at":null,"sandbox":null,"tab_types":null,"unwrap":null},"settings":{"enabled":false,"position":59},"meta":{"name":"Eza's Tumblr Scrape","uuid":"96f6ab80-efe1-478e-b6f1-3ebe50fc3d82","modified":1684051020399,"file_url":"https://greasyfork.org/scripts/4801-eza-s-tumblr-scrape/code/Eza's%20Tumblr%20Scrape.user.js"}}