{"options":{"check_for_updates":true,"comment":null,"compat_foreach":false,"compat_metadata":false,"compat_powerful_this":null,"compat_wrappedjsobject":false,"compatopts_for_requires":true,"noframes":null,"override":{"merge_connects":true,"merge_excludes":true,"merge_includes":true,"merge_matches":true,"orig_connects":[],"orig_excludes":["*://pbs.twimg.com/media/*=orig*","*://www.deviantart.com/users/outgoing?*","*#comment*","*?comment*","*#c*","*&pid=*","*#dnr"],"orig_includes":["*://www.furaffinity.net/view/*","*://www.furaffinity.net/full/*","https://inkbunny.net/submissionview.php*","https://inkbunny.net/s/*","http://gelbooru.com/*page=post&s=view*","http://youhate.us/*page=post&s=view*","https://youhate.us/*page=post&s=view*","*://www.gelbooru.com/*s=view*","*://gelbooru.com/*s=view*","*://danbooru.donmai.us/posts/*","*://safebooru.donmai.us/posts/*","*://*.tumblr.com/image/*","*://*.media.tumblr.com/*/s*","/^http(s|)://e(621|926)\\.net/post/show*//","*://e621.net/posts/*","*://e926.net/posts/*","*://*.deviantart.com/art/*","*://*.deviantart.com/*/art/*","/^https?://w*\\.*hentai-foundry\\.com/pictures/user/.*/[0-9]*/.*/","/^https*://www\\.sofurry\\.com/view/*//","https://www.weasyl.com/*","*://old.y-gallery.net/view/*","*://rule34.paheal.net/post/view/*","*://rule34.xxx/index.php?page=post*","*://rule34hentai.net/post/view/*","/^https*://derpibooru.org/.*/","*://*.booru.org/*s=view*","*://mspabooru.com/*s=view*","*://safebooru.org/*s=view*","*://www.majhost.com/cgi-bin/gallery.cgi?i=*","*://e-hentai.org/s/*","*://nijie.info/view.php?id=*","*://www.pixiv.net/member_illust.php?mode=medium&illust_id=*","*://www.pixiv.net/jump.php?*","*://www.pixiv.net/*/artworks/*","http://*sleepymaid.com/*","*://*.sankakucomplex.com/post/*","*://*.bronibooru.com/posts/*","*://bronibooru.com/posts/*","*://luscious.net/c/*","*://luscious.net/pictures/c/*","*://imageboard.neko-sentai.com/post/*","*://uberbooru.com/posts/*","*://www.furiffic.com/*/view/*","*://beta.furrynetwork.com/artwork/*","*://hiccears.com/picture.php?pid=*","*://www.hiccears.com/picture.php?pid=*","*://www.jabarchives.com/main/post/*","*://aryion.com/g4/view/*","*://www.newgrounds.com/art/view/*/*","*://www.newgrounds.com/portal/view/*","*://lolibooru.moe/post/show/*","*://pbs.twimg.com/media/*","*://gfycat.com/*","*://tbib.org/index.php?page=post&s=view&id=*","*://myhentaigallery.com/gallery/show/*/*","*://www.megabooru.com/post/view/*","*://www.redgifs.com/watch/*","*://www.gifdeliverynetwork.com/*","https://thehentaiworld.com/*","https://hypnohub.net/post/show/*","https://i.imgur.com/*.gifv","https://yande.re/post/show*","https://xbooru.com/*page=post*","https://furbooru.org/images*","https://r34hub.com/en/show/*","https://giphy.com/gifs/*","https://putme.ga/image/*","https://booru.allthefallen.moe/posts/*"],"orig_matches":[],"orig_noframes":true,"orig_run_at":"document-idle","use_blockers":[],"use_connects":[],"use_excludes":[],"use_includes":[],"use_matches":[]},"run_at":null,"sandbox":null,"tab_types":null,"unwrap":null},"settings":{"enabled":true,"position":19},"meta":{"name":"Eza's Image Glutton","uuid":"9b1b95f6-b7df-4eff-9703-96cfd88f1c18","modified":1654575819768,"file_url":"https://greasyfork.org/scripts/4713/code/script.user.js"}}