{"options":{"check_for_updates":true,"comment":null,"compat_foreach":false,"compat_metadata":false,"compat_powerful_this":null,"compat_wrappedjsobject":false,"compatopts_for_requires":true,"noframes":null,"override":{"merge_connects":true,"merge_excludes":true,"merge_includes":true,"merge_matches":true,"orig_connects":[],"orig_excludes":[],"orig_includes":[],"orig_matches":["https://www.facebook.com/*"],"orig_noframes":null,"orig_run_at":"document-idle","use_blockers":[],"use_connects":[],"use_excludes":[],"use_includes":[],"use_matches":[]},"run_at":null,"sandbox":null,"tab_types":null,"unwrap":null},"settings":{"enabled":false,"position":62},"meta":{"name":"Facebook - All \"See more\" buttons expanded","uuid":"50edd96e-83b0-463a-87c1-afbc515ad68f","modified":1684227635597,"file_url":"https://greasyfork.org/scripts/422353-facebook-all-see-more-buttons-expanded/code/Facebook%20-%20All%20%22See%20more%22%20buttons%20expanded.user.js"}}