{"options":{"check_for_updates":true,"comment":null,"compat_foreach":false,"compat_metadata":false,"compat_powerful_this":null,"compat_wrappedjsobject":false,"compatopts_for_requires":true,"noframes":null,"override":{"merge_connects":true,"merge_excludes":true,"merge_includes":true,"merge_matches":true,"orig_connects":[],"orig_excludes":[],"orig_includes":["https://www.facebook.com/*","https://*.facebook.com/*","https://www.facebook.com/index.php?stype=lo*","https://www.facebook.com/index.php*","https://www.facebook.com/login.php*","http://www.facebook.com/index.php?stype=lo*","http://www.facebook.com/index.php*","http://www.facebook.com/login.php*","http://*.facebook.com/*/*","https://*.facebook.com/*/*","http://*.facebook.com/*","http://*.facebook.com/*/*"],"orig_matches":[],"orig_noframes":null,"orig_run_at":"document-idle","use_blockers":[],"use_connects":[],"use_excludes":[],"use_includes":[],"use_matches":[]},"run_at":null,"sandbox":null,"tab_types":null,"unwrap":null},"settings":{"enabled":false,"position":61},"meta":{"name":"Facebook theme - gray and transparent","uuid":"13f6d744-b1ce-4089-b1db-49829c1f9ac1","modified":1684227253291,"file_url":"https://greasyfork.org/scripts/400644-facebook-theme-gray-and-transparent/code/Facebook%20theme%20-%20%20gray%20and%20transparent.user.js"}}