{"options":{"check_for_updates":true,"comment":null,"compat_foreach":false,"compat_metadata":false,"compat_powerful_this":null,"compat_wrappedjsobject":false,"compatopts_for_requires":true,"noframes":null,"override":{"merge_connects":true,"merge_excludes":true,"merge_includes":true,"merge_matches":true,"orig_connects":[],"orig_excludes":[],"orig_includes":["http*://yts.*","http*://kat.*","http*://rarbg.*","http*://thepiratebay.*","http*://eztv.*","http*://showrss.*","http*://new.showrss.*","http*://kickass.unblocked.*"],"orig_matches":[],"orig_noframes":null,"orig_run_at":"document-idle","use_blockers":[],"use_connects":[],"use_excludes":[],"use_includes":[],"use_matches":[]},"run_at":null,"sandbox":null,"tab_types":null,"unwrap":null},"settings":{"enabled":false,"position":45},"meta":{"name":"General Magnet Link Cleaner","uuid":"b65f8574-7d87-4040-9cd1-993dae32da0f","modified":1680418185816,"file_url":"https://greasyfork.org/scripts/13058-general-magnet-link-cleaner/code/General%20Magnet%20Link%20Cleaner.user.js"}}