{"options":{"check_for_updates":true,"comment":null,"compat_foreach":false,"compat_metadata":false,"compat_powerful_this":null,"compat_wrappedjsobject":false,"compatopts_for_requires":true,"noframes":null,"override":{"merge_connects":true,"merge_excludes":true,"merge_includes":true,"merge_matches":true,"orig_connects":[],"orig_excludes":[],"orig_includes":["https://*.gfycat.com/*","https://gfycat.com/*","https://*.redgifs.com/*","https://redgifs.com/*"],"orig_matches":[],"orig_noframes":null,"orig_run_at":"document-idle","use_blockers":[],"use_connects":[],"use_excludes":[],"use_includes":[],"use_matches":[]},"run_at":null,"sandbox":null,"tab_types":null,"unwrap":null},"settings":{"enabled":true,"position":65},"meta":{"name":"Gfycat/redgifs HD On","uuid":"f64430ee-9856-432c-ae81-7c41b357e936","modified":1685340014440,"file_url":"https://greasyfork.org/scripts/392176-gfycat-redgifs-hd-on/code/Gfycatredgifs%20HD%20On.user.js"}}