{"options":{"check_for_updates":true,"comment":null,"compat_foreach":false,"compat_metadata":false,"compat_powerful_this":null,"compat_wrappedjsobject":false,"compatopts_for_requires":true,"noframes":null,"override":{"merge_connects":true,"merge_excludes":true,"merge_includes":true,"merge_matches":true,"orig_connects":[],"orig_excludes":[],"orig_includes":["http*://*.gfycat.com/*","http*://gfycat.com/*","http*://redgifs.com/*","http*://*.redgifs.com/*"],"orig_matches":[],"orig_noframes":null,"orig_run_at":"document-idle","use_blockers":[],"use_connects":[],"use_excludes":[],"use_includes":[],"use_matches":[]},"run_at":null,"sandbox":null,"tab_types":null,"unwrap":null},"settings":{"enabled":false,"position":82},"meta":{"name":"GFYCAT | Show all Download Links (GIF, MP4, WEBP, WEBM)","uuid":"7157d75c-1c42-4efa-a4da-61eea09aecfe","modified":1687893878149,"file_url":"https://greasyfork.org/scripts/408129-gfycat-show-all-download-links-gif-mp4-webp-webm/code/GFYCAT%20%7C%20Show%20all%20Download%20Links%20(GIF,%20MP4,%20WEBP,%20WEBM).user.js"}}