{"options":{"check_for_updates":true,"comment":null,"compat_foreach":false,"compat_metadata":false,"compat_powerful_this":null,"compat_wrappedjsobject":false,"compatopts_for_requires":true,"noframes":null,"override":{"merge_connects":true,"merge_excludes":true,"merge_includes":true,"merge_matches":true,"orig_connects":[],"orig_excludes":[],"orig_includes":["http://gmonkey.*.*/test/*","http://devzone.*.*/test/gm/*","/http(|s)\\://(|.+?\\.)youtube\\..+?/.*/","/http(|s)\\://(|.+?\\.)dailymotion\\..+?/.*/","/http(|s)\\://(|.+?\\.)pinterest\\..+?/.*/","/http(|s)\\://(|.+?\\.)flickr\\..+?/.*/","/http(|s)\\://(|.+?\\.)instagram\\..+?/.*/","/http(|s)\\://(|.+?\\.)tiktok\\..+?/.*/"],"orig_matches":[],"orig_noframes":null,"orig_run_at":"document-end","use_blockers":[],"use_connects":[],"use_excludes":[],"use_includes":[],"use_matches":[]},"run_at":null,"sandbox":null,"tab_types":null,"unwrap":null},"settings":{"enabled":false,"position":42},"meta":{"name":"Grab Links","uuid":"eb541b97-7afc-4949-863f-0f85ef8c022f","modified":1679533415785,"file_url":"https://greasyfork.org/scripts/428402/code/script.user.js"}}