{"options":{"check_for_updates":true,"comment":null,"compatopts_for_requires":true,"compat_wrappedjsobject":false,"compat_metadata":false,"compat_foreach":false,"compat_powerful_this":null,"sandbox":null,"noframes":null,"unwrap":null,"run_at":null,"tab_types":null,"override":{"merge_connects":true,"merge_excludes":true,"merge_includes":true,"merge_matches":true,"orig_connects":[],"orig_excludes":[],"orig_includes":[],"orig_matches":["https://greasyfork.org/*","https://sleazyfork.org/*"],"orig_noframes":null,"orig_run_at":"document-start","use_blockers":[],"use_connects":[],"use_excludes":[],"use_includes":[],"use_matches":[]}},"settings":{"enabled":true,"position":51},"meta":{"name":"Greasyfork Beautify","uuid":"1388da0c-6c01-4dfb-8137-e8ca0ec6c60f","modified":1692390863012,"file_url":"https://greasyfork.org/scripts/446849-greasyfork-beautify/code/script.user.js"}}