{"options":{"check_for_updates":true,"comment":null,"compat_foreach":false,"compat_metadata":false,"compat_powerful_this":null,"compat_wrappedjsobject":false,"compatopts_for_requires":true,"noframes":null,"override":{"merge_connects":true,"merge_excludes":true,"merge_includes":true,"merge_matches":true,"orig_connects":["greasyfork.org","sleazyfork.org"],"orig_excludes":[],"orig_includes":[],"orig_matches":["http*://greasyfork.org/*","http*://www.greasyfork.org/*","http*://sleazyfork.org/*","http*://www.sleazyfork.org/*"],"orig_noframes":null,"orig_run_at":"document-idle","use_blockers":[],"use_connects":[],"use_excludes":[],"use_includes":[],"use_matches":[]},"run_at":null,"sandbox":null,"tab_types":null,"unwrap":null},"settings":{"enabled":true,"position":2},"meta":{"name":"Greasyfork Search with Sleazyfork Results include","uuid":"8e1ab8aa-742d-4862-8d33-11347cf4b290","modified":1686341873273,"file_url":"https://github.com/4ndr0666/UserScripts/raw/master/Greasyfork%20Search%20with%20Sleazyfork%20Results%20include/Greasyfork%20Search%20with%20Sleazyfork%20Results%20include.user.js"}}