{"options":{"check_for_updates":true,"comment":null,"compat_foreach":false,"compat_metadata":false,"compat_powerful_this":null,"compat_wrappedjsobject":false,"compatopts_for_requires":true,"noframes":null,"override":{"merge_connects":true,"merge_excludes":true,"merge_includes":true,"merge_matches":true,"orig_connects":[],"orig_excludes":[],"orig_includes":[],"orig_matches":["http*://*/*.jpg","http*://*/*.jpeg","http*://*/*.png","http*://*/*.gif","http*://*/*.tif","http*://*/*.tiff","http*://*/*.bmp"],"orig_noframes":null,"orig_run_at":"document-idle","use_blockers":[],"use_connects":[],"use_excludes":[],"use_includes":[],"use_matches":[]},"run_at":null,"sandbox":null,"tab_types":null,"unwrap":null},"settings":{"enabled":false,"position":58},"meta":{"name":"Image Window Fitter","uuid":"7cdd28c4-c6fd-4101-9e4c-88e725e0fbe9","modified":1683598129473,"file_url":"https://greasyfork.org/scripts/4656-image-window-fitter/code/Image%20Window%20Fitter.user.js"}}