{"options":{"check_for_updates":true,"comment":null,"compatopts_for_requires":true,"compat_wrappedjsobject":false,"compat_metadata":false,"compat_foreach":false,"compat_powerful_this":null,"sandbox":null,"noframes":null,"unwrap":null,"run_at":null,"tab_types":null,"override":{"merge_connects":true,"merge_excludes":true,"merge_includes":true,"merge_matches":true,"orig_connects":["*","api.github.com"],"orig_excludes":[],"orig_includes":["*"],"orig_matches":[],"orig_noframes":null,"orig_run_at":"document-start","use_blockers":[],"use_connects":["github.com","deviantart.com","hwcdn.net","pixhost.to","imagetwist.com","imx.to","yandex.net","funomania.ru","blogspot.com","imgur.com","redgifs.com","eporner.com","instagram.com","cdninstagram.com","archive.org","ytimg.com","youtube.com","googlevideo.com","imagebam.com","jpg.church","gfycat.com","imgbox.com","ibb.co","userapi.com","mycdn.me","redd.it","motherlessmedia.com","fck-cl25.tnaflix.com","vdownload-45.sb-cd.com","cdnl.tnaflix.com","pvvstream.pro","aznude.com","s3.tkvids.com","redditmedia.com","static-cdn77.xvideos-cdn.com","41.media.tumblr.com"],"use_excludes":["/^[^:/#?]*:\\/\\/([^#?/]*\\.)?www\\.youtube\\.com(:[0-9]{1,5})?\\/.*$/"],"use_includes":[],"use_matches":[]}},"settings":{"enabled":true,"position":73},"meta":{"name":"Image Max URL","uuid":"9ba4f16d-47ba-4b68-a748-3a8ff4138cc7","modified":1692390862410,"file_url":"https://raw.githubusercontent.com/qsniyg/maxurl/master/userscript_smaller.user.js"}}