{"options":{"check_for_updates":true,"comment":null,"compat_foreach":false,"compat_metadata":false,"compat_powerful_this":null,"compat_wrappedjsobject":false,"compatopts_for_requires":true,"noframes":null,"override":{"merge_connects":true,"merge_excludes":true,"merge_includes":true,"merge_matches":true,"orig_connects":[],"orig_excludes":[],"orig_includes":["*://rule34.paheal.net/post/view/*","*://g.e-hentai.org/s/*/*","*://www.quickmeme.com/meme/*","*://www.quickmeme.com/p/*","*://*deviantart.com/art/*","*://adf.ly/*/banner/*","*://www.linkbucks.com/*/url/*","*://imgchili.net/show/*/*","*://imagetwist.com/*","*://imgdino.com/viewer.php?file=*","*://imgtiger.com/viewer.php?file=*","*://*imgspice.com/*/*","*://www.imgboc.com/share.php?id=*","*://imagecurl.org/viewer.php?file=*","*://imagecurl.org/v/*","*://imageshack.com/i/*","*://postimg.org/image/*","*://xxxhost.me/viewer.php?file=*","*://www.euro-pic.eu/share-*.html","*://www.pixsor.com/share-*.html","*://imgboxxx.com/viewer.php?file=*","*://picturescream.com/x/clean/*","*://www.fastpics.net/?v=*","*://www.imgnip.com/viewer.php?file=*","*://tinypic.com/view.php*pic=*","*://www.imagefap.com/photo/*/*","*://imageshimage.com/*","*://*imagevenue.com/img.php?image=*","*://www.imagesnake.org/show/*/*","*://imagenimage.com/*/*","*://img.i7m.de/show/*","*://imgbox.com/*","*://picturevip.com/x/clean/*","*://imgdone.com/viewer.php?file=*","*://www.imglooks.com/viewer.php?file=*","*://www.uploadica.com/?v=*","*://you-logo.ru/show-image.php?id=*","*://imgreserve.com/?v=*","*://www.imgflare.com/*/*","*://picexposed.com/*/*","*://imgseeds.com/image/*","*://imgserve.net/*","*://imgcandy.net/*","*://imgmega.com/*/*","*://08lkk.com/*/*","*://imgpaying.com/*/*","*://imgtab.net/v/i/*","*://imgtube.net/*","*://www.imgblow.com/*","*://img-zone.com/*","*://img.yt/*","*://pic.re/*","*://www.imgbabes.com/*/*","*://www.imglemon.com/*","*://pixsor.com/share-*.html","*://imgdetop.com/img-*.html","*://imgtrex.com/*/*","*://picturescream.asia/*","*://damimage.com/img-*.html","*://www.imagebam.com/image/*","*://pictures.mrstiff.com/view/picture/full/*","*://*.photobucket.com/user/*/media/*.htm*"],"orig_matches":[],"orig_noframes":null,"orig_run_at":"document-end","use_blockers":[],"use_connects":[],"use_excludes":[],"use_includes":[],"use_matches":[]},"run_at":null,"sandbox":null,"tab_types":null,"unwrap":null},"settings":{"enabled":false,"position":94},"meta":{"name":"Imagehost Redirect","uuid":"78c6f5d1-bc0a-4ed1-b5ba-dfb8007e5e1e","modified":1691423201723,"file_url":"https://sleazyfork.org/scripts/2641-imagehost-redirect/code/Imagehost%20Redirect.user.js"}}