{"ts":1692326971841,"data":{"advanced_options":"strue","allow_bruteforce":"sfalse","allow_possibly_different":"strue","allow_remote":"strue","allow_thirdparty":"strue","allow_thirdparty_libs":"sfalse","allow_uncropped":"sfalse","allow_watermark":"strue","apply_blacklist_host":"strue","bigimage_blacklist":"s\"*.photos.google.*\\n*.drive.google.*\\n*.github.*\\n\"","bigimage_blacklist_engine":"s\"glob\"","check_update_notify":"sfalse","custom_xhr_for_lib":"strue","dark_mode":"strue","deviantart_prefer_size":"strue","enable_console_logging":"strue","enable_stream_download":"strue","gallery_download_method":"s\"jdownloader\"","gallery_jd_autostart":"strue","gallery_jd_referer":"s\"domain\"","gm_download_max":"s0","highlightimgs_auto":"s\"hover\"","highlightimgs_css":"s\"outline: 4px solid yellow\"","highlightimgs_enable":"sfalse","highlightimgs_enable_keybinding":"sfalse","highlightimgs_keybinding":"s[[\"alt\",\"h\",\"i\"]]","imgur_filename":"strue","imgur_source":"strue","instagram_dont_use_web":"sfalse","instagram_gallery_postlink":"strue","instagram_use_app_api":"strue","last_update_check":"s1692326971841","last_update_version":"s\"2023.8.0\"","mouseover_add_video_link":"strue","mouseover_allow_audio":"strue","mouseover_allow_partial":"s\"media\"","mouseover_allow_self_pagelink":"strue","mouseover_auto_close_popup":"strue","mouseover_auto_close_popup_time":"s240","mouseover_cancel_popup_when_release":"sfalse","mouseover_cancel_popup_with_esc":"strue","mouseover_clickthrough":"sfalse","mouseover_close_behavior":"s\"esc\"","mouseover_close_click_outside":"sfalse","mouseover_close_el_policy":"s\"popup\"","mouseover_copy_link_key":"s[\"shift\",\"c\"]","mouseover_download":"sfalse","mouseover_download_key":"s[[\"alt\",\"d\"]]","mouseover_enable_fade":"strue","mouseover_enable_mask_styles2":"s\"hold\"","mouseover_enable_zoom_effect":"sfalse","mouseover_exclude_sameimage":"strue","mouseover_find_els_mode":"s\"simple\"","mouseover_flip_horizontal_key":"s[\"h\"]","mouseover_flip_vertical_key":"s[\"v\"]","mouseover_fullscreen_key":"s[\"f\"]","mouseover_gallery_cycle":"strue","mouseover_gallery_download_key":"s[\"shift\",\"d\"]","mouseover_gallery_move_after_video":"sfalse","mouseover_gallery_next_key":"s[\"right\"]","mouseover_gallery_prev_key":"s[\"left\"]","mouseover_hide_cursor":"sfalse","mouseover_hold_close_unhold":"strue","mouseover_hold_key":"s[\"i\"]","mouseover_hold_position_center":"strue","mouseover_linked_image":"strue","mouseover_links":"sfalse","mouseover_mask_fade_time":"s100","mouseover_matching_media_types":"sfalse","mouseover_minimum_size":"s20","mouseover_notallowed_duration":"s300","mouseover_only_links":"strue","mouseover_open_bg_tab_key":"s[\"shift\",\"o\"]","mouseover_open_new_tab_key":"s[\"o\"]","mouseover_open_orig_page_key":"s[\"n\"]","mouseover_overflow_position_center":"sfalse","mouseover_position":"s\"cursor\"","mouseover_rotate_left_key":"s[\"e\"]","mouseover_rotate_right_key":"s[\"r\"]","mouseover_scrollx_behavior":"s\"pan\"","mouseover_scrollx_hold_behavior":"s\"gallery\"","mouseover_scrollx_video_behavior":"s\"nothing\"","mouseover_scrolly_hold_behavior":"s\"zoom\"","mouseover_scrolly_video_behavior":"s\"default\"","mouseover_trigger_behavior":"s\"keyboard\"","mouseover_trigger_delay":"s1","mouseover_trigger_enabledisable_toggle":"s\"disable\"","mouseover_trigger_key":"s[[\"alt\",\"button2\"],[\"button3\"]]","mouseover_trigger_key_t2":"s[]","mouseover_trigger_key_t3":"s[]","mouseover_trigger_mouseover":"sfalse","mouseover_trigger_prevent_key":"s[\"shift\"]","mouseover_ui_downloadbtn":"strue","mouseover_ui_optionsbtn":"strue","mouseover_ui_rotationbtns":"sfalse","mouseover_ui_toggle_key":"s[\"u\"]","mouseover_ui_use_safe_glyphs":"sfalse","mouseover_ui_zoomlevel":"strue","mouseover_use_blob_over_data":"sfalse","mouseover_use_remote":"sfalse","mouseover_video_controls":"strue","mouseover_video_controls_key":"s[\"c\"]","mouseover_video_framerate":"s25","mouseover_video_muted":"strue","mouseover_video_pause_source":"sfalse","mouseover_video_reset_speed_key":"s[\"backspace\"]","mouseover_video_resume_from_source":"strue","mouseover_video_screenshot_key":"s[\"shift\",\"s\"]","mouseover_video_seek_amount":"s5","mouseover_video_seek_left_key":"s[\"shift\",\"left\"]","mouseover_video_seek_right_key":"s[\"shift\",\"right\"]","mouseover_video_volume_down_key":"s[\"9\"]","mouseover_video_volume_up_key":"s[\"0\"]","mouseover_wait_use_el":"strue","mouseover_zoom_behavior":"s\"fit\"","mouseover_zoom_fit_key":"s[\"2\"]","mouseover_zoom_full_key":"s[[\"f\"]]","mouseover_zoom_in_key":"s[[\"+\"],[\"=\"]]","mouseover_zoom_out_key":"s[[\"-\"]]","mouseover_zoom_use_last":"s\"gallery\"","popup_cache_resume_video":"sfalse","popup_enable_subtitles":"sfalse","popup_hold_zoom":"s\"fit\"","popup_use_anonymous_crossorigin":"strue","popup_video_screenshot_format":"s\"png\"","print_imu_obj":"sfalse","redirect_audio":"strue","redirect_force_page":"sfalse","redirect_host_html":"sfalse","redirect_infobox_timeout":"s7","redirect_infobox_url":"strue","redirect_to_no_infobox":"strue","replaceimgs_addlinks":"sfalse","replaceimgs_auto":"sfalse","replaceimgs_delay":"s8","replaceimgs_enable_keybinding":"strue","replaceimgs_keybinding":"s[\"shift\",\"alt\",\"r\"]","replaceimgs_links_newtab":"strue","replaceimgs_plainlinks":"s\"none\"","replaceimgs_replaceimgs":"strue","replaceimgs_replacelinks":"strue","replaceimgs_simple_progress":"sfalse","replaceimgs_size_constraints":"s\"none\"","replaceimgs_usedata":"sfalse","scroll_past_gallery_end_to_close":"sfalse","scroll_zoom_behavior":"s\"incremental\"","scroll_zoom_origin":"s\"center\"","scroll_zoomout_pagemiddle":"s\"viewport\"","settings_alphabetical_order":"sfalse","settings_show_disabled":"strue","settings_show_disabled_profiles":"sfalse","settings_tabs":"strue","settings_version":"s11","t2_mouseover_allow_audio":"strue","t3_mouseover_allow_audio":"strue","tiktok_thirdparty":"snull","twitter_use_ext":"strue","use_webarchive_for_lib":"sfalse","website_inject_imu":"strue","write_to_clipboard":"strue","zoom_out_to_close":"strue"}}