{"options":{"check_for_updates":true,"comment":null,"compat_foreach":false,"compat_metadata":false,"compat_powerful_this":null,"compat_wrappedjsobject":false,"compatopts_for_requires":true,"noframes":null,"override":{"merge_connects":true,"merge_excludes":true,"merge_includes":true,"merge_matches":true,"orig_connects":["sankakucomplex.com","gelbooru.com"],"orig_excludes":[],"orig_includes":["https://gelbooru.com*","https://rule34.xxx*","https://danbooru.donmai*","https://chan.sankakucomplex.com*","https://idol.sankakucomplex.com*","https://rule34hentai.net*"],"orig_matches":[],"orig_noframes":null,"orig_run_at":"document-idle","use_blockers":[],"use_connects":[],"use_excludes":[],"use_includes":[],"use_matches":[]},"run_at":null,"sandbox":null,"tab_types":null,"unwrap":null},"settings":{"enabled":false,"position":12},"meta":{"name":"ImageBoard Viewer/Downloader","uuid":"008622e2-ad58-44b3-96c5-b5284c47c765","modified":1654575819762}}