{"options":{"check_for_updates":true,"comment":null,"compat_foreach":false,"compat_metadata":false,"compat_powerful_this":null,"compat_wrappedjsobject":false,"compatopts_for_requires":true,"noframes":null,"override":{"merge_connects":true,"merge_excludes":true,"merge_includes":true,"merge_matches":true,"orig_connects":[],"orig_excludes":["https://imgur.com/gallery","https://imgur.com/upload"],"orig_includes":["/^https://imgur\\.com/[a-zA-Z0-9]{5,8}$/"],"orig_matches":[],"orig_noframes":null,"orig_run_at":"document-start","use_blockers":[],"use_connects":[],"use_excludes":[],"use_includes":[],"use_matches":[]},"run_at":null,"sandbox":null,"tab_types":null,"unwrap":null},"settings":{"enabled":true,"position":44},"meta":{"name":"Imgur Direct","uuid":"12870bf0-6a19-4173-b557-26bebe5ef767","modified":1679539373978,"file_url":"https://greasyfork.org/scripts/413400-imgur-direct/code/Imgur%20Direct.user.js"}}