{"options":{"check_for_updates":true,"comment":null,"compat_foreach":false,"compat_metadata":false,"compat_powerful_this":null,"compat_wrappedjsobject":false,"compatopts_for_requires":true,"noframes":null,"override":{"merge_connects":true,"merge_excludes":true,"merge_includes":true,"merge_matches":true,"orig_connects":[],"orig_excludes":[],"orig_includes":[],"orig_matches":["*://*.instagram.com/*"],"orig_noframes":null,"orig_run_at":"document-start","use_blockers":[],"use_connects":[],"use_excludes":[],"use_includes":[],"use_matches":[]},"run_at":null,"sandbox":null,"tab_types":null,"unwrap":null},"settings":{"enabled":false,"position":24},"meta":{"name":"Instagram full-size media scroll wall","uuid":"a121cd7b-1b9d-4aeb-94c6-3346f5d45a4d","modified":1673258427207,"file_url":"https://greasyfork.org/scripts/396337-instagram-full-size-media-scroll-wall/code/Instagram%20full-size%20media%20scroll%20wall.user.js"}}