{"options":{"check_for_updates":true,"comment":null,"compat_foreach":false,"compat_metadata":false,"compat_powerful_this":null,"compat_wrappedjsobject":false,"compatopts_for_requires":true,"noframes":null,"override":{"merge_connects":true,"merge_excludes":true,"merge_includes":true,"merge_matches":true,"orig_connects":[],"orig_excludes":[],"orig_includes":["http*://*.zippyshare.com/v/*/*","http*://*.dfpan.com/fs/*","http*://*.dfpan.com/file/down/*","http*://*.4shared.com/*/*/*","http*://*.mediafire.com/*/*/*","http*://*.sendspace.com/file/*","http*://*uptobox.com/*","http*://*.yimuhe.com/file-*","http*://*.yimuhe.com/down-*","http*://*howfile.com/file/*","http*://*uppit.com/*/*","http*://*clicknupload.org/*","http*://*sendmyway.com/*","http*://*tusfiles.net/*","http*://*.dropbox.com/s/*","http*://*.solidfiles.com/v/*","http*://*yadi.sk/i/*","http*://*yadi.sk/d/*","http*://*.datafilehost.com/d/*","http*://*userscloud.com/*","http*://*hulkload.com/*","http*://*up2me.net/*","http*://app.box.com/*","http*://*dailyuploads.net/*","http*://rgho.st/*","http*://*uplod.org/*","http*://*.upload.ee/files/*","http*://*uploads.to/*","http*://*uploadbank.com/*","http*://*drop.me/*","http*://*jzrputtbut.net/*","http*://dropapk.com/*","http*://*suprafiles.org/*","http*://*cloudyfiles.org/*","http*://*megadrive.co/*","http*://*douploads.com/*","http*://*file-upload.com/*","http*://*topddl.net/file/*","http*://*.up-4ever.com/*","http*://*3rbup.com/*","http*://*9xupload.me/*","http*://*samaup.com/*","http*://*bdnupload.com/*","http*://*indishare.me/*","http*://ako.am/*","http*://rapidgator.net/file/*","http*://*filefactory.com/file/*","http*://dl.free.fr/getfile.pl?file=*","http*://up.top4top.net/*","http*://cloud.mail.ru/public/*","http*://drive.google.com/file/*","http*://docs.google.com/uc*","http*://my.pcloud.com/publink/*","http*://minhateca.com.br/*","http*://bc.vc/*","http*://sh.st/*","http*://adf.ly/*","http*://adfoc.us/*","http*://filescdn.com/*","http*://gen.lib.rus.ec/*","http*://libgen.io/*","http*://libgen.me/*","http*://b-ok.org/*"],"orig_matches":[],"orig_noframes":null,"orig_run_at":"document-idle","use_blockers":[],"use_connects":[],"use_excludes":[],"use_includes":[],"use_matches":[]},"run_at":null,"sandbox":null,"tab_types":null,"unwrap":null},"settings":{"enabled":false,"position":7},"meta":{"name":"Maknyos AutoIn","uuid":"f598ac54-e55d-4461-9f0d-0da0f2901a76","modified":1654575819758}}