{"options":{"check_for_updates":true,"comment":null,"compat_foreach":false,"compat_metadata":false,"compat_powerful_this":null,"compat_wrappedjsobject":false,"compatopts_for_requires":true,"noframes":null,"override":{"merge_connects":true,"merge_excludes":true,"merge_includes":true,"merge_matches":true,"orig_connects":[],"orig_excludes":["*www.w3school.com.cn*"],"orig_includes":["*"],"orig_matches":[],"orig_noframes":null,"orig_run_at":"document-end","use_blockers":[],"use_connects":[],"use_excludes":[],"use_includes":[],"use_matches":[]},"run_at":null,"sandbox":null,"tab_types":null,"unwrap":null},"settings":{"enabled":false,"position":18},"meta":{"name":"Maximize Video","uuid":"968b4e95-8f8e-484a-9cd6-0b10cb71e0f5","modified":1683260698461,"file_url":"https://greasyfork.org/scripts/4870-maximize-video/code/script.user.js"}}