{"options":{"check_for_updates":true,"comment":null,"compat_foreach":false,"compat_metadata":false,"compat_powerful_this":null,"compat_wrappedjsobject":false,"compatopts_for_requires":true,"noframes":null,"override":{"merge_connects":true,"merge_excludes":true,"merge_includes":true,"merge_matches":true,"orig_connects":[],"orig_excludes":[],"orig_includes":["*://solidtorrents.to/*","*://ibit.to/*","*://torrentgalaxy.to/*","*://www.torlock2.com/*","*://katcr.to/*","*://www.gtdb.to/*","*://nyaa.si/*","*://yts.*/*","*://1337x.to/*","*://rarbg.best/*"],"orig_matches":[],"orig_noframes":null,"orig_run_at":"document-end","use_blockers":[],"use_connects":[],"use_excludes":[],"use_includes":[],"use_matches":[]},"run_at":null,"sandbox":null,"tab_types":null,"unwrap":null},"settings":{"enabled":false,"position":46},"meta":{"name":"MOREtrackers","uuid":"29b2eb59-f0f0-4cec-8927-332a81c5a519","modified":1691377403248,"file_url":"https://greasyfork.org/scripts/447607/code/script.user.js"}}