{"ts":1691418356791,"data":{"cfg":"o{\"start\": \"auto\",\"delay\": 500,\"scale\": 1.25,\"zoom\": \"context\",\"fit\": \"large\",\"zoomStep\": 133,\"zoomOut\": \"auto\",\"scales\": [\"0!\",\"0.125\",\"0.25\",\"0.5\",\"0.75\",\"1\",\"1.5\",\"2\",\"2.5\",\"3\",\"4\",\"5\",\"8\",\"16\"],\"center\": true,\"preload\": true,\"imgtab\": false,\"videoCtrl\": true,\"keepOnBlur\": false,\"mute\": true,\"xhr\": true,\"globalStatus\": false,\"keepVids\": true,\"waitLoad\": false,\"uiFadein\": false,\"uiFadeinGallery\": false,\"startAltShown\": true,\"uiBackgroundColor\": \"#ffffff\",\"uiBackgroundOpacity\": 100,\"uiBorderColor\": \"#000000\",\"uiBorderOpacity\": 100,\"uiBorder\": 0,\"uiShadowColor\": \"#000000\",\"uiShadowOpacity\": 80,\"uiShadow\": 20,\"uiPadding\": 0,\"uiMargin\": 0,\"css\": \"\",\"hosts\": [{\"name\": \"No popup for SVG/PNG icons\",\"d\": \"\",\"e\": \"img[src*='icon']\",\"r\": \"//[^/]+/.*\\\\bicons?\\\\b.*\\\\.(?:png|svg)\",\"s\": \"\"},{\"name\": \"No popup for YouTube thumbnails\",\"d\": \"www.youtube.com\",\"e\": \"ytd-rich-item-renderer *, ytd-thumbnail *\",\"s\": \"\"},{\"r\": \"(.*.imgclick.net/.*)_t(.*)\",\"s\": \"$1$2\"},{\"r\": \"([a-z0-9\\\\.]+(celebuzz|egotastic|idolator|socialitelife|thesuperficial|wwtdd)\\\\.com/wp-content/.+?)-(e[0-9]+-)?[0-9x]+\\\\.(jpe?g|png|gif)\",\"s\": \"http://$1.$4\"},{\"r\": \"(https://scontent\\\\.cdninstagram\\\\.com/.+?/)s\\\\d+x\\\\d+/(.+)$\",\"s\": \"$1$2\"},{\"r\": \"(https?://(?:[^/.]+\\\\.)?imagetwist\\\\.com)/th/(.+)\",\"s\": \"$1/i/$2/img.jpg\",\"xhr\": true},{\"r\": \"(i\\\\d+\\\\.photobucket\\\\.com/.+/)th_([^/]+\\\\.(?:png|jpg|jpeg))$\",\"s\": \"http://$1$2\"},{\"r\": \"(youtu\\\\.be/|youtube\\\\.(googleapis\\\\.)?com/(watch.+?v=|v/))([a-z0-9_-]+)\",\"s\": \"https://img.youtube.com/vi/$4/0.jpg\"},{\"r\": \"easyimghost\\\\.com\\\\/ImageHosting\\\\/\",\"q\": \"img#img_obj\"},{\"r\": \"https?:\\\\/\\\\/ept\\\\.xhcdn\\\\.com\\\\/([0-9]+)\\\\/([0-9]+)\\\\/([0-9]+)\\\\/([a-z0-9]+)_[0-9]+.jpg\",\"s\": \"https://ep2.xhcdn.com/$1/$2/$3/$4_1000.jpg\"},{\"r\": \"rarbg.to\",\"q\": \"table.lista:nth-child(2)\"},{\"r\": \"redgifs\\\\.com/watch/\\\\w+$\",\"q\": \".video.media > source:nth-child(2)\"},{\"r\": \"userapi\\\\.com\\\\/u(\\\\d+)\\\\/e_\",\"s\": \"http://vk.com/id$1\",\"html\": true,\"q\": \"#page_avatar img\"},{\"r\": \"yandex\\\\.ru/yandsearch.+rpt=simage|\\\\.(jpe?g|gif|png)$\",\"s\": \"return node.className.indexOf('b-images-item__link') < 0 ? false : node.href + '&nojs=1';\",\"q\": \".b-duplicate__size a\"}],\"startAlt\": \"context\",\"version\": 6}"}}