{"options":{"check_for_updates":true,"comment":null,"compatopts_for_requires":true,"compat_wrappedjsobject":false,"compat_metadata":false,"compat_foreach":false,"compat_powerful_this":null,"sandbox":null,"noframes":null,"unwrap":null,"run_at":null,"tab_types":null,"override":{"merge_connects":true,"merge_excludes":true,"merge_includes":true,"merge_matches":true,"orig_connects":["wedata.net","githubusercontent.com","ghproxy.com","hoothin.github.io","*"],"orig_excludes":[],"orig_includes":[],"orig_matches":["*://*/*"],"orig_noframes":null,"orig_run_at":"document-idle","use_blockers":[],"use_connects":["wedata.net"],"use_excludes":[],"use_includes":[],"use_matches":[]}},"settings":{"enabled":true,"position":84},"meta":{"name":"Pagetual","uuid":"fdbb6057-be17-4c18-926c-ceb6426266e5","modified":1692390862998,"file_url":"https://greasyfork.org/scripts/438684-pagetual/code/Pagetual.user.js"}}