{"ts":1691424915446,"data":{"customLang":"sen","pv-prefs":"s{\"floatBar.position\":\"top left\",\"floatBar.stayOut\":true,\"floatBar.stayOutOffsetX\":0,\"floatBar.stayOutOffsetY\":0,\"floatBar.showDelay\":100,\"floatBar.hideDelay\":566,\"floatBar.forceShow.size.w\":100,\"floatBar.forceShow.size.h\":100,\"floatBar.minSizeLimit.w\":50,\"floatBar.minSizeLimit.h\":50,\"floatBar.sizeLimitOr\":false,\"floatBar.showWithRules\":true,\"floatBar.butonOrder\":\"actual, current, gallery, magnifier, download\",\"floatBar.additionalFeature\":\"open\",\"floatBar.invertAdditionalFeature\":false,\"floatBar.listenBg\":true,\"floatBar.globalkeys.ctrl\":true,\"floatBar.globalkeys.alt\":false,\"floatBar.globalkeys.shift\":false,\"floatBar.globalkeys.command\":false,\"floatBar.globalkeys.type\":\"hold\",\"floatBar.globalkeys.closeAfterPreview\":true,\"floatBar.globalkeys.invertInitShow\":false,\"floatBar.globalkeys.previewFollowMouse\":true,\"floatBar.keys.enable\":true,\"floatBar.keys.actual\":\"b\",\"floatBar.keys.current\":\"c\",\"floatBar.keys.magnifier\":\"z\",\"floatBar.keys.gallery\":\"g\",\"floatBar.keys.download\":\"d\",\"magnifier.radius\":77,\"magnifier.wheelZoom.enabled\":true,\"magnifier.wheelZoom.range\":\"0.1, 0.2, 0.3, 0.4, 0.5, 0.6, 0.7, 0.8, 0.9, 1, 1.1, 1.2, 1.3, 1.4, 1.5, 1.7, 1.9, 2, 2.5, 3, 4, 5, 6, 7, 8, 9\",\"gallery.defaultSizeLimit.w\":720,\"gallery.defaultSizeLimit.h\":720,\"gallery.fitToScreen\":true,\"gallery.fitToScreenSmall\":true,\"gallery.scrollEndToChange\":true,\"gallery.exportType\":\"grid\",\"gallery.loadMore\":true,\"gallery.loadAll\":true,\"gallery.viewmoreEndless\":true,\"gallery.downloadWithZip\":true,\"gallery.downloadGap\":0,\"gallery.scaleSmallSize\":250,\"gallery.showSmallSize\":false,\"gallery.transition\":false,\"gallery.disableArrow\":false,\"gallery.sidebarPosition\":\"bottom\",\"gallery.sidebarSize\":120,\"gallery.max\":5,\"gallery.autoZoom\":true,\"gallery.descriptionLength\":32,\"gallery.viewmoreLayout\":\"1\",\"gallery.autoOpenViewmore\":true,\"gallery.autoOpenSites\":\"\",\"gallery.searchData\":\"Google | https://www.google.com/searchbyimage?safe=off&sbisrc=1&image_url=#t#\\nYandex | https://yandex.com/images/search?source=collections&rpt=imageview&url=#t#\\nSauceNAO | https://saucenao.com/search.php?db=999&url=#t#\\nIQDB | https://iqdb.org/?url=#t#\\n3D IQDB | https://3d.iqdb.org/?url=#t#\\nBaidu | https://graph.baidu.com/details?isfromtusoupc=1&tn=pc&carousel=0&promotion_name=pc_image_shituindex&extUiData%5bisLogoShow%5d=1&image=#t#\\nBing | https://www.bing.com/images/search?view=detailv2&iss=sbi&form=SBIVSP&sbisrc=UrlPaste&q=imgurl:#t#\\nTinEye | https://www.tineye.com/search?url=#t#\\nSogou | https://pic.sogou.com/ris?query=#t#\\n360 | http://st.so.com/stu?imgurl=#t#\\nWhatAnime | https://trace.moe/?url=#t#\\nAscii2D | https://ascii2d.net/search/url/#t#\\nTrace Moe | https://trace.moe/?url=#t#\\nKarmaDecay | http://karmadecay.com/#t#\\nZXing QRCode | https://zxing.org/w/decode?full=true&u=#t#\\nImgOps | https://imgops.com/#b#\",\"gallery.editSite\":\"Pixlr advanced\",\"imgWindow.fitToScreen\":true,\"imgWindow.fitToScreenSmall\":true,\"imgWindow.suitLongImg\":true,\"imgWindow.defaultTool\":\"hand\",\"imgWindow.close.escKey\":true,\"imgWindow.close.dblClickImgWindow\":true,\"imgWindow.close.clickOutside\":\"\",\"imgWindow.backgroundColor\":\"rgba(40,40,40,0.8)\",\"imgWindow.overlayer.shown\":false,\"imgWindow.overlayer.color\":\"rgba(200,200,200,0.3)\",\"imgWindow.shiftRotateStep\":15,\"imgWindow.zoom.mouseWheelZoom\":true,\"imgWindow.zoom.range\":\"0.1, 0.2, 0.3, 0.4, 0.5, 0.6, 0.7, 0.8, 0.9, 1, 1.1, 1.2, 1.3, 1.4, 1.5, 1.7, 1.9, 2, 2.5, 3, 4, 5, 6, 7, 8, 9\",\"imgWindow.zIndex\":2147483646,\"waitImgLoad\":false,\"customLang\":\"en\",\"saveName\":\"1\",\"debug\":false,\"customRules\":\"[\\n//  {\\n//    name: \\\"vipergirls.to\\\",\\n//    url: /https?:\\\\/\\\\/www.vipergirls(\\\\.\\\\w{1,3}){1,3}\\\\/search\\\\?.*/,\\n//    getImage: function(a) {\\n//    },\\n//    src: /avatar/i,\\n//    r: /\\\\?.*$/i,\\n//    s: ''\\n//  }\\n]\"}","pv_collection":"s%5B%7B%22src%22%3A%22http%3A%2F%2Fpics1.pokazuha.ru%2Fp201%2Fa%2Fe%2F7815975gea.jpg%22%2C%22thumbSrc%22%3A%22http%3A%2F%2Fpics1.pokazuha.ru%2Fp201%2Fa%2Fe%2F7815975gea.jpg%22%2C%22naturalSize%22%3A%7B%22h%22%3A1549%2C%22w%22%3A1054%7D%2C%22description%22%3A%22%D0%A3%D0%B2%D0%B5%D0%BB%D0%B8%D1%87%D0%B8%D1%82%D1%8C%22%7D%2C%7B%22src%22%3A%22https%3A%2F%2Fi002.imx.to%2Fi%2F2019%2F01%2F07%2F1xnsmh.jpg%22%2C%22thumbSrc%22%3A%22https%3A%2F%2Fi002.imx.to%2Fi%2F2019%2F01%2F07%2F1xnsmh.jpg%22%2C%22naturalSize%22%3A%7B%22h%22%3A5616%2C%22w%22%3A3744%7D%2C%22description%22%3A%22%22%7D%2C%7B%22src%22%3A%22https%3A%2F%2Fi002.imx.to%2Fi%2F2019%2F01%2F07%2F1xnsn6.jpg%22%2C%22thumbSrc%22%3A%22https%3A%2F%2Fi002.imx.to%2Fi%2F2019%2F01%2F07%2F1xnsn6.jpg%22%2C%22naturalSize%22%3A%7B%22h%22%3A5616%2C%22w%22%3A3744%7D%2C%22description%22%3A%22%22%7D%5D"}}