{"options":{"check_for_updates":true,"comment":null,"compatopts_for_requires":true,"compat_wrappedjsobject":false,"compat_metadata":false,"compat_foreach":false,"compat_powerful_this":null,"sandbox":null,"noframes":null,"unwrap":null,"run_at":null,"tab_types":null,"override":{"merge_connects":true,"merge_excludes":true,"merge_includes":true,"merge_matches":true,"orig_connects":["www.google.com","www.google.com.hk","www.google.co.jp","ipv4.google.com","image.baidu.com","www.tineye.com","*"],"orig_excludes":["http://www.toodledo.com/tasks/*","http*://maps.google.com*/*","*://www.google.*/_/chrome/newtab*","*://mega.*/*","*://*.mega.*/*","*://onedrive.live.com/*"],"orig_includes":[],"orig_matches":["*://*/*"],"orig_noframes":null,"orig_run_at":"document-idle","use_blockers":[],"use_connects":["imx.to","look.com.ua","pokazuha.ru","thumbs3.imgbox.com","thumbs2.imgbox.com"],"use_excludes":[],"use_includes":[],"use_matches":[]}},"settings":{"enabled":false,"position":3},"meta":{"name":"Picviewer CE+","uuid":"19cbd08f-bb5a-41b0-9aec-eb73cc75eca2","modified":1692390865980,"file_url":"https://greasyfork.org/scripts/24204-picviewer-ce/code/script.user.js"}}