{"options":{"check_for_updates":true,"comment":null,"compat_foreach":false,"compat_metadata":false,"compat_powerful_this":null,"compat_wrappedjsobject":false,"compatopts_for_requires":true,"noframes":null,"override":{"merge_connects":true,"merge_excludes":true,"merge_includes":true,"merge_matches":true,"orig_connects":[],"orig_excludes":[],"orig_includes":[],"orig_matches":["http://www.youtube.com/*","https://www.youtube.com/*"],"orig_noframes":true,"orig_run_at":"document-idle","use_blockers":[],"use_connects":[],"use_excludes":[],"use_includes":[],"use_matches":[]},"run_at":null,"sandbox":null,"tab_types":null,"unwrap":null},"settings":{"enabled":false,"position":77},"meta":{"name":"Play Youtube playlist in reverse order","uuid":"b2f2ad0d-b733-4f11-b1ee-53bab5fb8d3a","modified":1686800441793,"file_url":"https://greasyfork.org/scripts/404986-play-youtube-playlist-in-reverse-order/code/Play%20Youtube%20playlist%20in%20reverse%20order.user.js"}}