{"options":{"check_for_updates":true,"comment":null,"compat_foreach":false,"compat_metadata":false,"compat_powerful_this":null,"compat_wrappedjsobject":false,"compatopts_for_requires":true,"noframes":null,"override":{"merge_connects":true,"merge_excludes":true,"merge_includes":true,"merge_matches":true,"orig_connects":[],"orig_excludes":["http://www.youtube.com/embed/*","https://www.youtube.com/embed/*"],"orig_includes":["http://www.youtube.com/*","https://www.youtube.com/*"],"orig_matches":["http://www.youtube.com/*","https://www.youtube.com/*","http://s.ytimg.com/yts/jsbin/html5player*","https://s.ytimg.com/yts/jsbin/html5player*","http://manifest.googlevideo.com/*","https://manifest.googlevideo.com/*","http://*.googlevideo.com/videoplayback*","https://*.googlevideo.com/videoplayback*","http://*.youtube.com/videoplayback*","https://*.youtube.com/videoplayback*"],"orig_noframes":null,"orig_run_at":"document-end","use_blockers":[],"use_connects":[],"use_excludes":[],"use_includes":[],"use_matches":[]},"run_at":null,"sandbox":null,"tab_types":null,"unwrap":null},"settings":{"enabled":false,"position":76},"meta":{"name":"Play All YouTube Videos Channel","uuid":"f9d3391f-2e56-4d3f-90b3-f593df391b5f","modified":1686800435587,"file_url":"https://greasyfork.org/scripts/16218-play-all-youtube-videos-channel/code/Play%20All%20YouTube%20Videos%20Channel.user.js"}}