{"options":{"check_for_updates":true,"comment":null,"compat_foreach":false,"compat_metadata":false,"compat_powerful_this":null,"compat_wrappedjsobject":false,"compatopts_for_requires":true,"noframes":null,"override":{"merge_connects":true,"merge_excludes":true,"merge_includes":true,"merge_matches":true,"orig_connects":[],"orig_excludes":[],"orig_includes":["https://www.reddit.com/*","https://old.reddit.com/*"],"orig_matches":[],"orig_noframes":true,"orig_run_at":"document-idle","use_blockers":[],"use_connects":[],"use_excludes":[],"use_includes":[],"use_matches":[]},"run_at":null,"sandbox":null,"tab_types":null,"unwrap":null},"settings":{"enabled":false,"position":31},"meta":{"name":"Reddit - view images on redditgrid.com","uuid":"8421726f-c25e-4fef-ad09-c5ad8a8f947d","modified":1673260752079,"file_url":"https://greasyfork.org/scripts/39119-reddit-view-images-on-redditgrid-com/code/Reddit%20-%20view%20images%20on%20redditgridcom.user.js"}}