{"options":{"check_for_updates":true,"comment":null,"compat_foreach":false,"compat_metadata":false,"compat_powerful_this":null,"compat_wrappedjsobject":false,"compatopts_for_requires":true,"noframes":null,"override":{"merge_connects":true,"merge_excludes":true,"merge_includes":true,"merge_matches":true,"orig_connects":[],"orig_excludes":[],"orig_includes":[],"orig_matches":["https://*.reddit.com/*"],"orig_noframes":null,"orig_run_at":"document-idle","use_blockers":[],"use_connects":[],"use_excludes":[],"use_includes":[],"use_matches":[]},"run_at":null,"sandbox":null,"tab_types":null,"unwrap":null},"settings":{"enabled":false,"position":69},"meta":{"name":"Reddit Image Search Add-on","uuid":"d2730bf5-689b-4124-a57b-2749168ae964","modified":1685490348715,"file_url":"https://greasyfork.org/scripts/40495-reddit-image-search-add-on/code/Reddit%20Image%20Search%20Add-on.user.js"}}