{"options":{"check_for_updates":true,"comment":null,"compat_foreach":false,"compat_metadata":false,"compat_powerful_this":null,"compat_wrappedjsobject":false,"compatopts_for_requires":true,"noframes":null,"override":{"merge_connects":true,"merge_excludes":true,"merge_includes":true,"merge_matches":true,"orig_connects":[],"orig_excludes":["/.*\\/comments\\/.*/"],"orig_includes":[],"orig_matches":["*://*.reddit.com/*"],"orig_noframes":null,"orig_run_at":"document-idle","use_blockers":[],"use_connects":[],"use_excludes":[],"use_includes":[],"use_matches":[]},"run_at":null,"sandbox":null,"tab_types":null,"unwrap":null},"settings":{"enabled":false,"position":53},"meta":{"name":"Reddit - Top Comments Preview (old & new design)","uuid":"11e1ba37-b5d4-4d9f-81db-39ca15f96028","modified":1683585006115,"file_url":"https://greasyfork.org/scripts/4957-reddit-top-comments-preview-old-new-design/code/Reddit%20-%20Top%20Comments%20Preview%20(old%20%20new%20design).user.js"}}