{"options":{"check_for_updates":true,"comment":null,"compat_foreach":false,"compat_metadata":false,"compat_powerful_this":null,"compat_wrappedjsobject":false,"compatopts_for_requires":true,"noframes":null,"override":{"merge_connects":true,"merge_excludes":true,"merge_includes":true,"merge_matches":true,"orig_connects":[],"orig_excludes":[],"orig_includes":["/https?:\\/\\/[a-z]+\\.reddit\\.com\\//","https://news.ycombinator.com/*","https://lobste.rs/*","https://openuserjs.org/*","http*://www.producthunt.com/*","https://www.qudos.io/*","https://news.layervault.com/"],"orig_matches":[],"orig_noframes":null,"orig_run_at":"document-idle","use_blockers":[],"use_connects":[],"use_excludes":[],"use_includes":[],"use_matches":[]},"run_at":null,"sandbox":null,"tab_types":null,"unwrap":null},"settings":{"enabled":false,"position":57},"meta":{"name":"Reddit fade seen links","uuid":"0f1cac49-1caa-43be-91b0-cf81c75d016c","modified":1683594101858,"file_url":"https://openuserjs.org/install/Farow/Reddit_fade_seen_links.user.js"}}