{"options":{"check_for_updates":true,"comment":null,"compat_foreach":false,"compat_metadata":false,"compat_powerful_this":null,"compat_wrappedjsobject":false,"compatopts_for_requires":true,"noframes":null,"override":{"merge_connects":true,"merge_excludes":true,"merge_includes":true,"merge_matches":true,"orig_connects":[],"orig_excludes":[],"orig_includes":["*imagetwist.com/*","*imgspice.com/*","*turboimagehost.com/*.html","*acidimg.cc/*","*imx.to/*","*pixhost.to/*","*imagebam.com/*","*imgbox.com/*","*kropic.com/*","*vipr.im*","/.*imagevenue\\.com\\/[^\\/]+/"],"orig_matches":[],"orig_noframes":null,"orig_run_at":"document-idle","use_blockers":[],"use_connects":[],"use_excludes":[],"use_includes":[],"use_matches":[]},"run_at":null,"sandbox":null,"tab_types":null,"unwrap":null},"settings":{"enabled":false,"position":64},"meta":{"name":"Redirect to high res image","uuid":"89c42eeb-dbed-4fc9-b9ad-4895184eb245","modified":1684845684125,"file_url":"https://greasyfork.org/scripts/416491/code/script.user.js"}}