{"options":{"check_for_updates":true,"comment":null,"compat_foreach":false,"compat_metadata":false,"compat_powerful_this":null,"compat_wrappedjsobject":false,"compatopts_for_requires":true,"noframes":null,"override":{"merge_connects":true,"merge_excludes":true,"merge_includes":true,"merge_matches":true,"orig_connects":[],"orig_excludes":[],"orig_includes":[],"orig_matches":["https://*.askubuntu.com/*","https://*.mathoverflow.net/*","https://*.serverfault.com/*","https://*.stackapps.com/*","https://*.stackexchange.com/*","https://*.stackoverflow.com/*","https://*.superuser.com/*"],"orig_noframes":null,"orig_run_at":"document-idle","use_blockers":[],"use_connects":[],"use_excludes":[],"use_includes":[],"use_matches":[]},"run_at":null,"sandbox":null,"tab_types":null,"unwrap":null},"settings":{"enabled":false,"position":86},"meta":{"name":"Remove User ID from Stack Overflow Share URLs","uuid":"f087c767-ce51-4a66-b411-cef4397f383d","modified":1688328850877,"file_url":"https://greasyfork.org/scripts/372054-remove-user-id-from-stack-overflow-share-urls/code/Remove%20User%20ID%20from%20Stack%20Overflow%20Share%20URLs.user.js"}}