{"options":{"check_for_updates":true,"comment":null,"compatopts_for_requires":true,"compat_wrappedjsobject":false,"compat_metadata":false,"compat_foreach":false,"compat_powerful_this":null,"sandbox":null,"noframes":null,"unwrap":null,"run_at":null,"tab_types":null,"override":{"merge_connects":true,"merge_excludes":true,"merge_includes":true,"merge_matches":true,"orig_connects":[],"orig_excludes":[],"orig_includes":["http*://*.youtube.com/*","http*://youtube.com/*","http*://*.youtu.be/*","http*://youtu.be/*"],"orig_matches":[],"orig_noframes":null,"orig_run_at":"document-idle","use_blockers":[],"use_connects":[],"use_excludes":[],"use_includes":[],"use_matches":[]}},"settings":{"enabled":false,"position":60},"meta":{"name":"Resize YT To Window Size","uuid":"14a77fab-51e2-4c29-8430-d4226007f03d","modified":1692390863015,"file_url":"https://greasyfork.org/scripts/811-resize-yt-to-window-size/code/Resize%20YT%20To%20Window%20Size.user.js"}}