{"options":{"check_for_updates":true,"comment":null,"compat_foreach":false,"compat_metadata":false,"compat_powerful_this":null,"compat_wrappedjsobject":false,"compatopts_for_requires":true,"noframes":null,"override":{"merge_connects":true,"merge_excludes":true,"merge_includes":true,"merge_matches":true,"orig_connects":[],"orig_excludes":[],"orig_includes":["https://www.crunchyroll.com/*","https://beta.crunchyroll.com/*","https://static.crunchyroll.com/vilos-v2/web/vilos/player.html*","https://docs.google.com/file/*","https://drive.google.com/drive/*","https://drive.google.com/file/*","https://vimeo.com/*","http://onepieceofficial.com/videos.aspx*","http://www.onepieceofficial.com/videos.aspx*","https://www.youpak.com/watch*","https://olympics.cbc.ca/video/*","https://olympics.cbc.ca/divaPlayer/*","http://www.dailymotion.com/*","https://www.dailymotion.com/*","https://streamable.com/*","https://www.globaltv.com/shows/*","https://watch.globaltv.com/video/*","https://www.much.com/shows/south-park/episode/*/*/","http://*.ctvnews.ca/*","https://watch.cbc.ca/live/channel/*","https://watch.cbc.ca/live/*","https://www.ctv.ca/shows/*","https://www.ctv.ca/video/*","https://www.ctv.ca/*/Video*","https://www.ctv.ca/Movie/*","https://www.funimation.com/shows/*","https://www.funimation.com/player/*","https://www.crave.ca/*","https://tubitv.com/*"],"orig_matches":[],"orig_noframes":null,"orig_run_at":"document-idle","use_blockers":[],"use_connects":[],"use_excludes":[],"use_includes":[],"use_matches":[]},"run_at":null,"sandbox":null,"tab_types":null,"unwrap":null},"settings":{"enabled":false,"position":81},"meta":{"name":"Resize Video To Window Size","uuid":"6526ad06-3e5e-44c3-b336-c6a13defbf3a","modified":1687873407359,"file_url":"https://greasyfork.org/scripts/10815-resize-video-to-window-size/code/Resize%20Video%20To%20Window%20Size.user.js"}}