{"options":{"check_for_updates":true,"comment":null,"compatopts_for_requires":true,"compat_wrappedjsobject":false,"compat_metadata":false,"compat_foreach":false,"compat_powerful_this":null,"sandbox":null,"noframes":null,"unwrap":null,"run_at":null,"tab_types":null,"override":{"merge_connects":true,"merge_excludes":true,"merge_includes":true,"merge_matches":true,"orig_connects":["global.bing.com","suggestqueries.google.com","api.bing.com","suggestion.baidu.com","*"],"orig_excludes":[],"orig_includes":[],"orig_matches":["*://*/*"],"orig_noframes":null,"orig_run_at":"document-start","use_blockers":["*"],"use_connects":["deepl.com","google.com","bing.com","poe.com","bilibili.com","youtube.com","nicovideo.jp","163.com","qq.com","jango.com","twitter.com","facebook.com","pixiv.net","flickr.com","edition.cnn.com"],"use_excludes":[],"use_includes":[],"use_matches":[]}},"settings":{"enabled":false,"position":52},"meta":{"name":"SearchJumper","uuid":"e329999b-1d85-4a08-905d-5a4e73093bfa","modified":1692390864919,"file_url":"https://greasyfork.org/scripts/445274-searchjumper/code/SearchJumper.user.js"}}