{"options":{"check_for_updates":true,"comment":null,"compat_foreach":false,"compat_metadata":false,"compat_powerful_this":null,"compat_wrappedjsobject":false,"compatopts_for_requires":true,"noframes":null,"override":{"merge_connects":true,"merge_excludes":true,"merge_includes":true,"merge_matches":true,"orig_connects":[],"orig_excludes":[],"orig_includes":["http*://*/*"],"orig_matches":[],"orig_noframes":null,"orig_run_at":"document-idle","use_blockers":[],"use_connects":[],"use_excludes":[],"use_includes":[],"use_matches":[]},"run_at":null,"sandbox":null,"tab_types":null,"unwrap":null},"settings":{"enabled":false,"position":99},"meta":{"name":"Select All Checkboxes","uuid":"5c7bdc71-f46f-4b98-aec2-d0f4fd0402c1","modified":1691462344277,"file_url":"https://github.com/4ndr0666/UserScripts/raw/master/Select%20All%20Checkboxes/Select%20All%20Checkboxes.user.js"}}