{"options":{"check_for_updates":true,"comment":null,"compat_foreach":false,"compat_metadata":false,"compat_powerful_this":null,"compat_wrappedjsobject":false,"compatopts_for_requires":true,"noframes":null,"override":{"merge_connects":true,"merge_excludes":true,"merge_includes":true,"merge_matches":true,"orig_connects":[],"orig_excludes":[],"orig_includes":["/((https|http)%)/","/^(facebook|google|github|linkedin)/"],"orig_matches":[],"orig_noframes":null,"orig_run_at":"document-idle","use_blockers":[],"use_connects":[],"use_excludes":[],"use_includes":[],"use_matches":[]},"run_at":null,"sandbox":null,"tab_types":null,"unwrap":null},"settings":{"enabled":true,"position":54},"meta":{"name":"Skip Direct Link","uuid":"faa0e9a6-f516-446c-bf50-f6165640c676","modified":1683585010714,"file_url":"https://greasyfork.org/scripts/415253-skip-direct-link/code/Skip%20Direct%20Link.user.js"}}