{"options":{"check_for_updates":true,"comment":null,"compat_foreach":false,"compat_metadata":false,"compat_powerful_this":null,"compat_wrappedjsobject":false,"compatopts_for_requires":true,"noframes":null,"override":{"merge_connects":true,"merge_excludes":true,"merge_includes":true,"merge_matches":true,"orig_connects":[],"orig_excludes":[],"orig_includes":["*?*utm*"],"orig_matches":[],"orig_noframes":null,"orig_run_at":"start","use_blockers":[],"use_connects":[],"use_excludes":[],"use_includes":[],"use_matches":[]},"run_at":null,"sandbox":null,"tab_types":null,"unwrap":null},"settings":{"enabled":true,"position":80},"meta":{"name":"Strip UTM Tracking","uuid":"2fb86c25-f170-4da5-963e-a50986533d24","modified":1687873323264,"file_url":"https://greasyfork.org/scripts/27466-strip-utm-tracking/code/Strip%20UTM%20Tracking.user.js"}}