{"action_menu_columns":"3","action_menu_scripts_hide_disabled":true,"action_menu_scripts_sort":"auto","appearance_badge_color":"#00ff00","appearance_badges":"running","autoReload":true,"configMode":100,"connect_mode":"paranoid","default_tab_types":"incognito+normal","downloads_extension_whitelist":["/^[^\\.]*$/","/\\.(mp[34a]|m4[ab]|m3u|wma|wav|aac|og[ag]|cda|flac)$/","/\\.(avi|mkv|flv|divx|mpe?g|webm)$/","/\\.(ico|gif|png|jpe?g|webp|svg)/","/\\.(srt|sub|idx)$/","/\\.(ttf|otf|woff)$/","/\\.(txt|pdf|yml)$/",".iso",".zip","/\\.r(ar|[0-9]{2,2})$/",".rss"],"downloads_mode":"chrome","editor_autoLint":true,"editor_autoLintMaxLen":"1000000","editor_autoSave":true,"editor_easySave":false,"editor_electricChars":true,"editor_enabled":true,"editor_fontSize":"100","editor_highlightSelectionMatches":"cursor","editor_highlightTrailingWhitespace":true,"editor_indentUnit":"4","editor_indentWithTabs":"spaces","editor_keyMap":"windows","editor_lineWrapping":true,"editor_linter_config":null,"editor_tabMode":"indent","editor_tabSize":"4","editor_theme":"monokai","editor_trimTrailingSpacesFromModifiedLines":true,"enabled":true,"external_connect":"all","external_update_interval":1,"favicon_service":"duckduckgo","forbiddenPages":["/^[^:/#?]*:\\/\\/([^#?/]*\\.)?auth0.openai\\.com(:[0-9]{1,5})?\\/.*$/","*deepsukebe.io*","*deepswap.ai*","*unlimited.waifu2x.net*/","/^[^:/#?]*:\\/\\/([^#?/]*\\.)?mega\\.com(:[0-9]{1,5})?\\/.*$/","/^[^:/#?]*:\\/\\/([^#?/]*\\.)?mega\\.nz(:[0-9]{1,5})?\\/.*$/","*io.google.*","*befunky.*","*paypal.tld/*","*stripe.com/*","/^.*:\\/\\/apis\\.google\\.com\\/((?!render)([^\\/]+)\\/)+([^\\/]+)?$/","*platform.twitter.com/widgets/*","/^[^:/#?]*:\\/\\/([^#?/]*\\.)?chat.openai\\.com(:[0-9]{1,5})?\\/.*$/","/^[^:/#?]*:\\/\\/([^#?/]*\\.)?photos.google\\.com(:[0-9]{1,5})?\\/.*$/","/^[^:/#?]*:\\/\\/([^#?/]*\\.)?icloud\\.com(:[0-9]{1,5})?\\/.*$/","/^[^:/#?]*:\\/\\/([^#?/]*\\.)?expressvpn\\.com(:[0-9]{1,5})?\\/.*$/","/^[^:/#?]*:\\/\\/([^#?/]*\\.)?mail.google\\.com(:[0-9]{1,5})?\\/.*$/","/^[^:/#?]*:\\/\\/([^#?/]*\\.)?drive.google\\.com(:[0-9]{1,5})?\\/.*$/","/^[^:/#?]*:\\/\\/([^#?/]*\\.)?apple\\.com(:[0-9]{1,5})?\\/.*$/","/^[^:/#?]*:\\/\\/([^#?/]*\\.)?www\\.youtube\\.com(:[0-9]{1,5})?\\/.*$/","/^[^:/#?]*:\\/\\/([^#?/]*\\.)?ehftv\\.com(:[0-9]{1,5})?\\/.*$/","/^[^:/#?]*:\\/\\/([^#?/]*\\.)?celebhub\\.net(:[0-9]{1,5})?\\/.*$/"],"i18n":"en","incognito_mode":"temporary","layout":"default#dark","layout_user_css":"","logLevel":30,"notification_showUpdate":"changelog","notification_silentScriptUpdate":true,"page_filter_mode":"black+white","page_whitelist":["/https?:\\/\\/greasyfork\\.org\\/.*/","*tumblr*","*vimeo*"],"require_blacklist":[],"require_sri_mode":"supported","reset_sync":null,"run_sync":null,"runtime_inject_mode":"normal","runtime_strict_mode":"byscript","runtime_top_level_await":"default","sandbox_mode":"raw+","scriptUpdateCheckDisabled":false,"scriptUpdateCheckPeriod":86400000,"scriptUpdateHideNotificationAfter":0,"scriptUrlDetection":"auto","script_blacklist_server":[{"rules":["/https?:\\/\\/userscripts\\.org\\/scripts\\/(source|version)/(102614).*\\.user\\.js/"],"severity":2},{"name":"SaveFrom.net helper","reason":"Shows advertisements","rules":["/https?:\\/\\/sf-addon\\.com\\/.*\\/.*\\.user\\.js/","/https?:\\/\\/.*\\.sf-helper\\.com\\/.*\\.user\\.js/"],"severity":3},{"reasons":{"en":"Used for a phishing compain to compromise users of baon-nutrition.com"},"rules":["/https?:\\/\\/files\\.ulysse\\.travel\\/.*\\.user\\.js/"],"severity":8}],"script_blacklist_severity":"1","script_blacklist_type":"off","script_file_access":"externals","script_include_mode":"default","script_templates":[{"name":"ECMAScript 5","value":"// ==UserScript==\n// @name         New Userscript\n// @namespace    http://tampermonkey.net/\n// @version      0.1\n// @description  try to take over the world!\n// @author       You\n// @match        <$URL$>\n// @icon         <$ICON$>\n// @grant        none\n// ==/UserScript==\n\n(function() {\n    'use strict';\n\n    // Your code here...\n})();"},{"name":"ECMAScript 6","value":"// ==UserScript==\n// @name         New ES6-Userscript\n// @namespace    http://tampermonkey.net/\n// @version      0.1\n// @description  shows how to use babel compiler\n// @author       You\n// @require      https://cdnjs.cloudflare.com/ajax/libs/babel-standalone/6.18.2/babel.js\n// @require      https://cdnjs.cloudflare.com/ajax/libs/babel-polyfill/6.16.0/polyfill.js\n// @match        <$URL$>\n// @icon         <$ICON$>\n// ==/UserScript==\n\nvar inline_src = (<><![CDATA[\n\n    // Your code here...\n\n]]></>).toString();\nvar c = Babel.transform(inline_src, { presets: [ \"es2015\", \"es2016\" ] });\neval(c.code);"},{"name":"CoffeeScript","value":"// ==UserScript==\n// @name         New Coffee-Userscript\n// @namespace    http://tampermonkey.net/\n// @version      0.1\n// @description  shows how to use coffeescript compiler\n// @author       You\n// @require      http://coffeescript.org/browser-compiler/coffeescript.js\n// @match        <$URL$>\n// @icon         <$ICON$>\n// ==/UserScript==\n\nvar inline_src = (<><![CDATA[\n\n    // Your code here\n\n]]></>).toString();\nvar compiled = this.CoffeeScript.compile(inline_src);\neval(compiled);"}],"showFixedSrc":true,"statistics_enabled":false,"sync_enabled":false,"sync_status":"","sync_type":"2","trash_mode":"session","userscript_search_mode":"badge","webrequest_fixCSP":"yes","webrequest_modHeaders":"no"}