{"options":{"check_for_updates":true,"comment":null,"compat_foreach":false,"compat_metadata":false,"compat_powerful_this":null,"compat_wrappedjsobject":false,"compatopts_for_requires":true,"noframes":null,"override":{"merge_connects":true,"merge_excludes":true,"merge_includes":true,"merge_matches":true,"orig_connects":[],"orig_excludes":[],"orig_includes":[],"orig_matches":["https://consent.google.*/*","https://www.google.tld/*","https://starve.io/","https://www.google.com","https://www.youtube.com/","https://www.facebook.com/","https://twitter.com/","https://www.instagram.com/","http://www.baidu.com/","https://www.wikipedia.org/","https://www.reddit.com/","https://consent.yahoo.com/v2/collectConsent?sessionId=3_cc-session_83f05cbb-450a-4c64-a23a-bc67eb43a71f","https://yahoo.com/","https://www.amazon.com/","https://www.netflix.com/fr/","https://www.netflix.com/fr-en/","https://www.twitch.tv/","https://www.ebay.com/","https://moomoo.io/","https://diep.io","https://devast.io/","https://slither.io","https://krunker.io/","https://odysee.com/","https://www.amazon.de/","https://www.amazon.fr/","https://www.amazon.nl/","https://www.amazon.it/","https://www.amazon.es/","https://www.amazon.co.uk/","https://www.adobe.com/","https://www.friv.com/","https://shellshock.io/"],"orig_noframes":null,"orig_run_at":"document-idle","use_blockers":[],"use_connects":[],"use_excludes":[],"use_includes":[],"use_matches":[]},"run_at":null,"sandbox":null,"tab_types":null,"unwrap":null},"settings":{"enabled":true,"position":56},"meta":{"name":"The Internet gets better: No Cookies 🍪","uuid":"cac4720b-9bfb-44e2-9ed3-2b60dd56c817","modified":1683585326258,"file_url":"https://greasyfork.org/scripts/456641-the-internet-gets-better-no-cookies/code/The%20Internet%20gets%20better:%20No%20Cookies%20%F0%9F%8D%AA.user.js"}}