{"options":{"check_for_updates":true,"comment":null,"compat_foreach":false,"compat_metadata":false,"compat_powerful_this":null,"compat_wrappedjsobject":false,"compatopts_for_requires":true,"noframes":null,"override":{"merge_connects":true,"merge_excludes":true,"merge_includes":true,"merge_matches":true,"orig_connects":["self"],"orig_excludes":[],"orig_includes":[],"orig_matches":["https://forum.thothub.tv/*"],"orig_noframes":true,"orig_run_at":"document-start","use_blockers":[],"use_connects":[],"use_excludes":[],"use_includes":[],"use_matches":[]},"run_at":null,"sandbox":null,"tab_types":null,"unwrap":null},"settings":{"enabled":false,"position":14},"meta":{"name":"ThotHub.tv Forum Gallery Downloader","uuid":"ac415dce-2bc3-4bd7-9b45-2982c7be68f1","modified":1654575819764}}