{"options":{"check_for_updates":true,"comment":null,"compat_foreach":false,"compat_metadata":false,"compat_powerful_this":null,"compat_wrappedjsobject":false,"compatopts_for_requires":true,"noframes":null,"override":{"merge_connects":true,"merge_excludes":true,"merge_includes":true,"merge_matches":true,"orig_connects":[],"orig_excludes":[],"orig_includes":["https://stackoverflow.com/*","https://codegolf.stackexchange.com/*","https://codereview.stackexchange.com/*","https://gamedev.stackexchange.com/*","https://es.stackoverflow.com/*","https://ja.stackoverflow.com/*","https://pt.stackoverflow.com/*","https://ru.stackoverflow.com/*"],"orig_matches":[],"orig_noframes":null,"orig_run_at":"document-idle","use_blockers":[],"use_connects":[],"use_excludes":[],"use_includes":[],"use_matches":[]},"run_at":null,"sandbox":null,"tab_types":null,"unwrap":null},"settings":{"enabled":false,"position":85},"meta":{"name":"View StackOverflow code snippet","uuid":"e7dabbae-dfcf-4f8c-8986-9e5d4a2138f7","modified":1688328809454,"file_url":"https://greasyfork.org/scripts/32592-view-stackoverflow-code-snippet/code/View%20StackOverflow%20code%20snippet.user.js"}}