{"options":{"check_for_updates":true,"comment":null,"compat_foreach":false,"compat_metadata":false,"compat_powerful_this":null,"compat_wrappedjsobject":false,"compatopts_for_requires":true,"noframes":null,"override":{"merge_connects":true,"merge_excludes":true,"merge_includes":true,"merge_matches":true,"orig_connects":[],"orig_excludes":[],"orig_includes":[],"orig_matches":["*://vk.com/*"],"orig_noframes":null,"orig_run_at":"document-idle","use_blockers":[],"use_connects":[],"use_excludes":[],"use_includes":[],"use_matches":[]},"run_at":null,"sandbox":null,"tab_types":null,"unwrap":null},"settings":{"enabled":false,"position":38},"meta":{"name":"VK Infinite Scroll Cleaner","uuid":"727df7c8-c659-42f9-a941-b909454ca452","modified":1678423645581,"file_url":"https://greasyfork.org/scripts/26404-vk-infinite-scroll-cleaner/code/VK%20Infinite%20Scroll%20Cleaner.user.js"}}