{"options":{"check_for_updates":true,"comment":null,"compat_foreach":false,"compat_metadata":false,"compat_powerful_this":null,"compat_wrappedjsobject":false,"compatopts_for_requires":true,"noframes":null,"override":{"merge_connects":true,"merge_excludes":true,"merge_includes":true,"merge_matches":true,"orig_connects":["vk.com","vk-cdn.com","vk-cdn.net","userapi.com","vkuseraudio.net","vkuservideo.net","jsdelivr.net","unpkg.com","mycdn.me","greasyfork.org","pladform.ru","rutube.ru"],"orig_excludes":[],"orig_includes":["*://vk.com/*","*://m.vk.com/*","*://*.vk-cdn.com/*","*://*.vk-cdn.net/*","*://*.mycdn.me/*","*://*.userapi.com/*","https://www.youtube.com/vk_media_downloader*","*://*.vkuseraudio.net/*","*://*.vkuservideo.net/*","*://*.pladform.ru/*"],"orig_matches":[],"orig_noframes":null,"orig_run_at":"document-start","use_blockers":[],"use_connects":[],"use_excludes":[],"use_includes":[],"use_matches":[]},"run_at":null,"sandbox":null,"tab_types":null,"unwrap":null},"settings":{"enabled":false,"position":30},"meta":{"name":"Vk Media Downloader","uuid":"b19e24de-719e-4f53-a5dc-604fca95dda9","modified":1673258266199,"file_url":"https://greasyfork.org/scripts/38614-vk-media-downloader/code/Vk%20Media%20Downloader.user.js"}}