{"options":{"check_for_updates":true,"comment":null,"compat_foreach":false,"compat_metadata":false,"compat_powerful_this":null,"compat_wrappedjsobject":false,"compatopts_for_requires":true,"noframes":null,"override":{"merge_connects":true,"merge_excludes":true,"merge_includes":true,"merge_matches":true,"orig_connects":[],"orig_excludes":["*://vk.com/notifier.php*","*://vk.com/*widget*.php*"],"orig_includes":["*://vk.com/*","*://m.vk.com/*"],"orig_matches":[],"orig_noframes":null,"orig_run_at":"document-end","use_blockers":[],"use_connects":[],"use_excludes":[],"use_includes":[],"use_matches":[]},"run_at":null,"sandbox":null,"tab_types":null,"unwrap":null},"settings":{"enabled":false,"position":36},"meta":{"name":"VK posts filter","uuid":"bc4aaec9-ad26-4a49-96b3-e4665be88073","modified":1678264637591,"file_url":"https://greasyfork.org/scripts/23100-vk-posts-filter/code/VK%20posts%20filter.user.js"}}