{"options":{"check_for_updates":true,"comment":null,"compat_foreach":false,"compat_metadata":false,"compat_powerful_this":null,"compat_wrappedjsobject":false,"compatopts_for_requires":true,"noframes":null,"override":{"merge_connects":true,"merge_excludes":true,"merge_includes":true,"merge_matches":true,"orig_connects":[],"orig_excludes":[],"orig_includes":["*://vk.com/*"],"orig_matches":[],"orig_noframes":true,"orig_run_at":"document-idle","use_blockers":[],"use_connects":[],"use_excludes":[],"use_includes":[],"use_matches":[]},"run_at":null,"sandbox":null,"tab_types":null,"unwrap":null},"settings":{"enabled":false,"position":37},"meta":{"name":"VK-ScrollUpRemove","uuid":"9a690b44-4c5a-4c14-909d-4975094dd62f","modified":1678423628031,"file_url":"https://greasyfork.org/scripts/22779-vk-scrollupremove/code/VK-ScrollUpRemove.user.js"}}