{"options":{"check_for_updates":true,"comment":null,"compat_foreach":false,"compat_metadata":false,"compat_powerful_this":null,"compat_wrappedjsobject":false,"compatopts_for_requires":true,"noframes":null,"override":{"merge_connects":true,"merge_excludes":true,"merge_includes":true,"merge_matches":true,"orig_connects":[],"orig_excludes":[],"orig_includes":[],"orig_matches":["*://*/*.webm*","*://*/*.mp4*"],"orig_noframes":null,"orig_run_at":"document-start","use_blockers":[],"use_connects":[],"use_excludes":[],"use_includes":[],"use_matches":[]},"run_at":null,"sandbox":null,"tab_types":null,"unwrap":null},"settings":{"enabled":false,"position":89},"meta":{"name":"Webm Toggle Loop","uuid":"aa571dc8-bb56-4394-a792-7a2480765816","modified":1691113074645,"file_url":"https://greasyfork.org/scripts/14702-webm-toggle-loop/code/Webm%20Toggle%20Loop.user.js"}}