{"options":{"check_for_updates":false,"comment":null,"compat_foreach":false,"compat_metadata":false,"compat_powerful_this":null,"compat_wrappedjsobject":false,"compatopts_for_requires":true,"noframes":null,"override":{"merge_connects":true,"merge_excludes":true,"merge_includes":true,"merge_matches":true,"orig_connects":["self","anh.im","anonfiles.com","coomer.party","box.com","boxcloud.com","kemono.party","github.com","bunkr.ru","bunkr.su","bunkrr.su","bunkr.la","bunkr.is","cyberdrop.me","cyberdrop.cc","cyberdrop.nl","cyberdrop.to","cyberfile.su","cyberfile.me","saint.to","sendvid.com","redd.it","dailystar.co.uk","pinuderest.com","onlyfans.com","i.ibb.co","ibb.co","imagebam.com","imgur.com","jpg.church","jpg.fish","jpg.fishing","jpg.pet","jpeg.pet","imgbox.com","pixhost.to","pixl.is","pixl.li","pomf2.lain.la","pornhub.com","postimg.cc","imgvb.com","instagram.com","cdninstagram.com","pixxxels.cc","postimg.cc","erome.com","imagevenue.com","nhentai-proxy.herokuapp.com","pbs.twimg.com","media.tumblr.com","cdn.discordapp.com","pixeldrain.com","redgifs.com","rule34.xxx","gfycat.com","noodlemagazine.com","pvvstream.pro","spankbang.com","nudecelebforum.com","sb-cd.com","gofile.io","phncdn.com","xvideos.com","give.xxx","zippyshare.com","githubusercontent.com"],"orig_excludes":[],"orig_includes":[],"orig_matches":["https://simpcity.su/threads/*"],"orig_noframes":null,"orig_run_at":"document-start","use_blockers":[],"use_connects":[],"use_excludes":[],"use_includes":[],"use_matches":[]},"run_at":null,"sandbox":null,"tab_types":null,"unwrap":null},"settings":{"enabled":false,"position":87},"meta":{"name":"XenForoPostDownloader","uuid":"ad1852c6-6493-44fa-bed0-5bc44001942a","modified":1691424235443,"file_url":"https://github.com/SkyCloudDev/ForumPostDownloader/raw/main/dist/build.user.js"}}