{"options":{"check_for_updates":true,"comment":null,"compat_foreach":false,"compat_metadata":false,"compat_powerful_this":null,"compat_wrappedjsobject":false,"compatopts_for_requires":true,"noframes":null,"override":{"merge_connects":true,"merge_excludes":true,"merge_includes":true,"merge_matches":true,"orig_connects":[],"orig_excludes":[],"orig_includes":["https://xhamster.com/*"],"orig_matches":["https://*.xhamster.com/*","https://xhamster2.com/*","https://*.xhamster2.com/*","https://xhamster3.com/*","https://*.xhamster3.com/*"],"orig_noframes":null,"orig_run_at":"document-idle","use_blockers":[],"use_connects":[],"use_excludes":[],"use_includes":[],"use_matches":[]},"run_at":null,"sandbox":null,"tab_types":null,"unwrap":null},"settings":{"enabled":false,"position":5},"meta":{"name":"XHamster Search and UI Improvements","uuid":"0568bfee-3667-4048-854e-574e1b459de0","modified":1654575819756}}