{"options":{"check_for_updates":true,"comment":null,"compat_foreach":false,"compat_metadata":false,"compat_powerful_this":null,"compat_wrappedjsobject":false,"compatopts_for_requires":true,"noframes":null,"override":{"merge_connects":true,"merge_excludes":true,"merge_includes":true,"merge_matches":true,"orig_connects":[],"orig_excludes":["http*://services.addons.mozilla.org/*","https://www.bing.com/*"],"orig_includes":["*xhamster.com*"],"orig_matches":[],"orig_noframes":null,"orig_run_at":"document-idle","use_blockers":[],"use_connects":[],"use_excludes":[],"use_includes":[],"use_matches":[]},"run_at":null,"sandbox":null,"tab_types":null,"unwrap":null},"settings":{"enabled":false,"position":91},"meta":{"name":"Xhamster COLLECTION LIST for XHAM New design 2020 v.71","uuid":"d98f05ed-714b-4db6-9c71-3d5a8e9a13b9","modified":1691395668660,"file_url":"https://greasyfork.org/scripts/412021-xhamster-collection-list-for-xham-new-design-2020-v-71/code/script.user.js"}}