{"options":{"check_for_updates":true,"comment":null,"compat_foreach":false,"compat_metadata":false,"compat_powerful_this":null,"compat_wrappedjsobject":false,"compatopts_for_requires":true,"noframes":null,"override":{"merge_connects":true,"merge_excludes":true,"merge_includes":true,"merge_matches":true,"orig_connects":[],"orig_excludes":[],"orig_includes":[],"orig_matches":["https://yandex.com/images/search*","https://yandex.ru/images/search*"],"orig_noframes":null,"orig_run_at":"document-idle","use_blockers":[],"use_connects":[],"use_excludes":[],"use_includes":[],"use_matches":[]},"run_at":null,"sandbox":null,"tab_types":null,"unwrap":null},"settings":{"enabled":false,"position":93},"meta":{"name":"Yandex Images Autoscroll","uuid":"7c0f56a9-3c8d-4bd1-81d5-7881c5687d98","modified":1691397029738,"file_url":"https://greasyfork.org/scripts/453955-yandex-images-autoscroll/code/Yandex%20Images%20Autoscroll.user.js"}}