{"options":{"check_for_updates":true,"comment":null,"compatopts_for_requires":true,"compat_wrappedjsobject":false,"compat_metadata":false,"compat_foreach":false,"compat_powerful_this":null,"sandbox":null,"noframes":null,"unwrap":null,"run_at":null,"tab_types":null,"override":{"merge_connects":true,"merge_excludes":true,"merge_includes":true,"merge_matches":true,"orig_connects":[],"orig_excludes":[],"orig_includes":[],"orig_matches":["http://*.youtube.com/*","http://youtube.com/*","https://*.youtube.com/*","https://youtube.com/*"],"orig_noframes":null,"orig_run_at":"document-idle","use_blockers":[],"use_connects":[],"use_excludes":[],"use_includes":[],"use_matches":[]}},"settings":{"enabled":false,"position":39},"meta":{"name":"YouTube: Hide Watched Videos","uuid":"1bb01a07-8908-4362-9e48-5b5a7ecf7676","modified":1692390864877,"file_url":"https://greasyfork.org/scripts/13040-youtube-hide-watched-videos/code/YouTube:%20Hide%20Watched%20Videos.user.js"}}