{"options":{"check_for_updates":true,"comment":null,"compat_foreach":false,"compat_metadata":false,"compat_powerful_this":null,"compat_wrappedjsobject":false,"compatopts_for_requires":true,"noframes":null,"override":{"merge_connects":true,"merge_excludes":true,"merge_includes":true,"merge_matches":true,"orig_connects":[],"orig_excludes":[],"orig_includes":[],"orig_matches":["*://www.youtube.com/*","*://hooktube.com/watch*"],"orig_noframes":null,"orig_run_at":"document-idle","use_blockers":[],"use_connects":[],"use_excludes":[],"use_includes":[],"use_matches":[]},"run_at":null,"sandbox":null,"tab_types":null,"unwrap":null},"settings":{"enabled":false,"position":40},"meta":{"name":"Youtube Unblocker","uuid":"fd5f3325-169f-4574-aca9-1b2491ecd95d","modified":1678562125388,"file_url":"https://greasyfork.org/scripts/24163-youtube-unblocker/code/Youtube%20Unblocker.user.js"}}