{"options":{"check_for_updates":true,"comment":null,"compat_foreach":false,"compat_metadata":false,"compat_powerful_this":null,"compat_wrappedjsobject":false,"compatopts_for_requires":true,"noframes":null,"override":{"merge_connects":true,"merge_excludes":true,"merge_includes":true,"merge_matches":true,"orig_connects":[],"orig_excludes":[],"orig_includes":["*://yts.*/*"],"orig_matches":[],"orig_noframes":true,"orig_run_at":"document-body","use_blockers":[],"use_connects":[],"use_excludes":[],"use_includes":[],"use_matches":[]},"run_at":null,"sandbox":null,"tab_types":null,"unwrap":null},"settings":{"enabled":false,"position":47},"meta":{"name":"YTS","uuid":"5836717d-b69a-4f63-bae0-c2096d9af2fb","modified":1680418262597,"file_url":"https://raw.githubusercontent.com/ngsoft/archives/master/yts.user.js"}}