{"options":{"check_for_updates":true,"comment":null,"compat_foreach":false,"compat_metadata":false,"compat_powerful_this":null,"compat_wrappedjsobject":false,"compatopts_for_requires":true,"noframes":null,"override":{"merge_connects":true,"merge_excludes":true,"merge_includes":true,"merge_matches":true,"orig_connects":[],"orig_excludes":[],"orig_includes":["http*://*/*"],"orig_matches":[],"orig_noframes":null,"orig_run_at":"document-idle","use_blockers":[],"use_connects":[],"use_excludes":[],"use_includes":[],"use_matches":[]},"run_at":null,"sandbox":null,"tab_types":null,"unwrap":null},"settings":{"enabled":true,"position":98},"meta":{"name":"反图片防盗链","uuid":"55d4c942-09fe-4427-ad5d-661ab1ed07b1","modified":1691462291682,"file_url":"https://github.com/4ndr0666/UserScripts/raw/master/Anti-anti-pic-stealing-link/Anti-anti-pic-stealing-link.user.js"}}