{"options":{"check_for_updates":true,"comment":null,"compat_foreach":false,"compat_metadata":false,"compat_powerful_this":null,"compat_wrappedjsobject":false,"compatopts_for_requires":true,"noframes":null,"override":{"merge_connects":true,"merge_excludes":true,"merge_includes":true,"merge_matches":true,"orig_connects":["tts.baidu.com"],"orig_excludes":[],"orig_includes":["http*://www.hacg.*/wordpress/*","http*://hacg.*/wordpress/*","http*://loli.cool/*","http*://www.nicemoe.*","http*://www.hacg.lol/*","http*://hacg.lol/*","http*://hacg.riwee.com/*","http*://9iacg.*","http*://okloli.*","http*://www.okloli.*","http*://kuaishangche.*","http*://www.kuaishangche.*","http*://hacg.me/*","http*://hacg.in/*","http*://hacg.be/*","http*://hacg.club/*","http*://hacg.li/*","http*://hacg.fi/*","http*://hacg.red/*","http*://hacg.la/*","http*://hacg.tw/*","http*://hacg.at/*","http*://hacg.ch/*","http*://llss.*/wp/*","http*://*.llss.*/wp/*","http*://liuli.*/wp/*","http*://*.liuli.*/wp/*","http*://hacg.*/wp/*","http*://*.hacg.*/wp/*","http*://www.acgpy.*","http*://blog.reimu.net/*","http*://pan.baidu.com/share/*","http*://pan.baidu.com/s/*","http*://sexacg.com/*","http*://www.acg.tf/*","http*://acg.tf/*","http*://www.moxacg.com/*","http*://moxacg.*","http*://*.acggj.com/*","http*://acgso1.com/*","http*://*.acgso1.com/*","http*://www.acgnz.cc/*","http*://nacg.me/*","http*://www.tianshit.com/*","http*://www.tianshif.com/*","http*://www.tianshie.com/*","http*://www.oomoe.*","http*://www.kaze5.com/*","http*://www.acg15.com/*","http*://www.acglover.*","http*://lifanmoe.*","http*://www.yhacg.*","http*://www.idanmu.*","http*://idanmu.*","http*://*.sijihuisuo.club/*","http*://sijihuisuo.club/*","http*://acg18.*","http*://*.acg18.*","http*://hxcy.*","http*://*.acg44.com/*","http*://zuiacg.*","http*://www.zuiacg.*","http*://www.galacg.me/*","http*://cangku.*","http*://www.mhecy.com/*","http*://acgzone.org/*","http*://www.acgzone.org/*","http*://uraban.me/*","http*://www.uraban.me/*","http*://acgmoon.*","http*://www.jiyue.*","http*://jiyue.*","http*://www.moe-acg.*/*","http*://huan.moe*","http*://*.hmoe*","http*://*.hentaiclub.net*","http*://*.sshs.cc/*","http*://www.mygalgame.com/*","http*://www.mmgal.com/*","http*://htai.*","http*://gmgard.com/*","http*://*.gmgard.com/*","http*://hggard.com/*","http*://*.hggard.com/*","http*://www.kou.moe/*","http*://www.91moe.com/*","http*://cefamilie.com/*","http*://yui-nya.com/*","http*://www.l-sj.cc/*","http*://htacg.cc/*","http*://www.htacg.cc/*","http*://www.xiu.moe/*","http*://www.cld1.net/*","http*://sjhs*.*","http*://*comicat.*","http*://*kisssub.*","http*://*miobt.*","http*://www.dakashangche.*","http*://www.dakaba.*","http*://xiuxiqu.*","https://www.reddit.com/*","http*://sleazyfork.org/*/scripts/*","http*://greasyfork.org/*/scripts/*","http*://sleazyfork.org/*/forum/*discussion*","http*://greasyfork.org/*/forum/*discussion*"],"orig_matches":[],"orig_noframes":null,"orig_run_at":"document-end","use_blockers":[],"use_connects":[],"use_excludes":[],"use_includes":[],"use_matches":[]},"run_at":null,"sandbox":null,"tab_types":null,"unwrap":null},"settings":{"enabled":false,"position":101},"meta":{"name":"琉神转","uuid":"a57c7c0e-a639-4b44-b5df-c365637cbc1e","modified":1691462532318,"file_url":"https://github.com/4ndr0666/UserScripts/raw/master/HacgGodTurn/HacgGodTurn.user.js"}}