{"options":{"check_for_updates":true,"comment":null,"compat_foreach":false,"compat_metadata":false,"compat_powerful_this":null,"compat_wrappedjsobject":false,"compatopts_for_requires":true,"noframes":null,"override":{"merge_connects":true,"merge_excludes":true,"merge_includes":true,"merge_matches":true,"orig_connects":[],"orig_excludes":[],"orig_includes":[],"orig_matches":["*://*/*"],"orig_noframes":null,"orig_run_at":"document-idle","use_blockers":[],"use_connects":[],"use_excludes":[],"use_includes":[],"use_matches":[]},"run_at":null,"sandbox":null,"tab_types":null,"unwrap":null},"settings":{"enabled":true,"position":100},"meta":{"name":"繁簡自由切換","uuid":"954c8e36-624a-4908-938d-6cd628d320e1","modified":1691462515795,"file_url":"https://github.com/4ndr0666/UserScripts/raw/master/Switch%20Traditional%20Chinese%20and%20Simplified%20Chinese/Switch%20Traditional%20Chinese%20and%20Simplified%20Chinese.user.js"}}